Subject,Block,WaitTime,Accuracy
16001,1,none,1
16001,1,short,1
16001,1,medium,1
16001,1,long,0.8571428571428571
16001,2,none,1
16001,2,short,1
16001,2,medium,1
16001,2,long,1
16001,3,none,1
16001,3,short,1
16001,3,medium,1
16001,3,long,1
16002,1,none,1
16002,1,short,1
16002,1,medium,1
16002,1,long,1
16002,2,none,1
16002,2,short,1
16002,2,medium,1
16002,2,long,0.8571428571428571
16002,3,none,1
16002,3,short,1
16002,3,medium,1
16002,3,long,0.7142857142857143
16004,1,none,0
16004,1,short,0.7142857142857143
16004,1,medium,1
16004,1,long,0.7142857142857143
16004,2,none,0
16004,2,short,0.5714285714285714
16004,2,medium,0.7142857142857143
16004,2,long,0.8571428571428571
16004,3,none,1
16004,3,short,0.7142857142857143
16004,3,medium,0.7142857142857143
16004,3,long,0.8571428571428571
16007,1,none,1
16007,1,short,1
16007,1,medium,1
16007,1,long,1
16007,2,none,1
16007,2,short,1
16007,2,medium,0.8571428571428571
16007,2,long,1
16007,3,none,1
16007,3,short,0.8571428571428571
16007,3,medium,0.42857142857142855
16007,3,long,0.8571428571428571
16009,1,none,0
16009,1,short,1
16009,1,medium,0.8571428571428571
16009,1,long,0.8571428571428571
16009,2,none,1
16009,2,short,0.8571428571428571
16009,2,medium,0.7142857142857143
16009,2,long,0.7142857142857143
16009,3,none,1
16009,3,short,1
16009,3,medium,1
16009,3,long,0.7142857142857143
16011,1,none,1
16011,1,short,1
16011,1,medium,0.7142857142857143
16011,1,long,1
16011,2,none,1
16011,2,short,0.8571428571428571
16011,2,medium,0.7142857142857143
16011,2,long,0.8571428571428571
16011,3,none,1
16011,3,short,1
16011,3,medium,1
16011,3,long,0.5714285714285714
16012,1,none,1
16012,1,short,1
16012,1,medium,1
16012,1,long,0.8571428571428571
16012,2,none,1
16012,2,short,1
16012,2,medium,0.8571428571428571
16012,2,long,0.7142857142857143
16012,3,none,1
16012,3,short,0.8571428571428571
16012,3,medium,1
16012,3,long,0.8571428571428571
16014,1,none,1
16014,1,short,1
16014,1,medium,0.8571428571428571
16014,1,long,0.8571428571428571
16014,2,none,1
16014,2,short,1
16014,2,medium,1
16014,2,long,1
16014,3,none,1
16014,3,short,1
16014,3,medium,1
16014,3,long,0.8571428571428571
16015,1,none,1
16015,1,short,1
16015,1,medium,1
16015,1,long,1
16015,2,none,1
16015,2,short,0.8571428571428571
16015,2,medium,0.7142857142857143
16015,2,long,1
16015,3,none,1
16015,3,short,0.8571428571428571
16015,3,medium,1
16015,3,long,0.8571428571428571
16019,1,none,1
16019,1,short,1
16019,1,medium,1
16019,1,long,0.8571428571428571
16019,2,none,1
16019,2,short,1
16019,2,medium,0.8571428571428571
16019,2,long,1
16019,3,none,1
16019,3,short,1
16019,3,medium,0.7142857142857143
16019,3,long,0.8571428571428571
16025,1,none,1
16025,1,short,0.8571428571428571
16025,1,medium,1
16025,1,long,0.8571428571428571
16025,2,none,1
16025,2,short,1
16025,2,medium,1
16025,2,long,0.8571428571428571
16025,3,none,1
16025,3,short,1
16025,3,medium,0.7142857142857143
16025,3,long,1
16027,1,none,1
16027,1,short,1
16027,1,medium,1
16027,1,long,1
16027,2,none,1
16027,2,short,1
16027,2,medium,1
16027,2,long,1
16027,3,none,1
16027,3,short,1
16027,3,medium,1
16027,3,long,0.8571428571428571
16030,1,none,1
16030,1,short,0.8571428571428571
16030,1,medium,1
16030,1,long,0.8571428571428571
16030,2,none,1
16030,2,short,0.8571428571428571
16030,2,medium,1
16030,2,long,0.7142857142857143
16030,3,none,1
16030,3,short,1
16030,3,medium,0.7142857142857143
16030,3,long,0.8571428571428571
16032,1,none,0
16032,1,short,1
16032,1,medium,1
16032,1,long,0.8571428571428571
16032,2,none,1
16032,2,short,0.8571428571428571
16032,2,medium,1
16032,2,long,0.8571428571428571
16032,3,none,1
16032,3,short,0.8571428571428571
16032,3,medium,0.7142857142857143
16032,3,long,1
16033,1,none,1
16033,1,short,0.8571428571428571
16033,1,medium,0.8571428571428571
16033,1,long,0.8571428571428571
16033,2,none,1
16033,2,short,0.8571428571428571
16033,2,medium,1
16033,2,long,0.8571428571428571
16033,3,none,1
16033,3,short,1
16033,3,medium,0.7142857142857143
16033,3,long,1
16036,1,none,1
16036,1,short,1
16036,1,medium,1
16036,1,long,1
16036,2,none,1
16036,2,short,1
16036,2,medium,0.8571428571428571
16036,2,long,1
16036,3,none,1
16036,3,short,1
16036,3,medium,1
16036,3,long,0.8571428571428571
16037,1,none,1
16037,1,short,1
16037,1,medium,0.8571428571428571
16037,1,long,0.8571428571428571
16037,2,none,1
16037,2,short,1
16037,2,medium,0.8571428571428571
16037,2,long,0.8571428571428571
16037,3,none,1
16037,3,short,1
16037,3,medium,0.8571428571428571
16037,3,long,1
16039,1,none,1
16039,1,short,0.8571428571428571
16039,1,medium,1
16039,1,long,1
16039,2,none,1
16039,2,short,0.8571428571428571
16039,2,medium,0.7142857142857143
16039,2,long,1
16039,3,none,1
16039,3,short,0.8571428571428571
16039,3,medium,1
16039,3,long,0.8571428571428571
16040,1,none,1
16040,1,short,1
16040,1,medium,1
16040,1,long,1
16040,2,none,1
16040,2,short,1
16040,2,medium,1
16040,2,long,1
16040,3,none,1
16040,3,short,1
16040,3,medium,1
16040,3,long,1
16041,1,none,1
16041,1,short,1
16041,1,medium,0.8571428571428571
16041,1,long,1
16041,2,none,1
16041,2,short,0.8571428571428571
16041,2,medium,1
16041,2,long,0.8571428571428571
16041,3,none,1
16041,3,short,1
16041,3,medium,0.5714285714285714
16041,3,long,1
16042,1,none,1
16042,1,short,1
16042,1,medium,1
16042,1,long,1
16042,2,none,1
16042,2,short,1
16042,2,medium,1
16042,2,long,1
16042,3,none,1
16042,3,short,0.7142857142857143
16042,3,medium,0.7142857142857143
16042,3,long,0.8571428571428571
16043,1,none,1
16043,1,short,1
16043,1,medium,1
16043,1,long,0.8571428571428571
16043,2,none,1
16043,2,short,0.8571428571428571
16043,2,medium,0.7142857142857143
16043,2,long,0.5714285714285714
16043,3,none,1
16043,3,short,0.8571428571428571
16043,3,medium,0.42857142857142855
16043,3,long,0.7142857142857143
16044,1,none,1
16044,1,short,1
16044,1,medium,0.7142857142857143
16044,1,long,0.7142857142857143
16044,2,none,1
16044,2,short,1
16044,2,medium,0.8571428571428571
16044,2,long,1
16044,3,none,1
16044,3,short,1
16044,3,medium,1
16044,3,long,0.8571428571428571
16045,1,none,1
16045,1,short,0.8571428571428571
16045,1,medium,1
16045,1,long,0.8571428571428571
16045,2,none,1
16045,2,short,0.7142857142857143
16045,2,medium,0.7142857142857143
16045,2,long,0.8571428571428571
16045,3,none,1
16045,3,short,1
16045,3,medium,0.5714285714285714
16045,3,long,0.7142857142857143
16046,1,none,1
16046,1,short,1
16046,1,medium,0.8571428571428571
16046,1,long,0.7142857142857143
16046,2,none,1
16046,2,short,0.42857142857142855
16046,2,medium,0.5714285714285714
16046,2,long,0.5714285714285714
16046,3,none,1
16046,3,short,0.5714285714285714
16046,3,medium,0.7142857142857143
16046,3,long,0.42857142857142855
16048,1,none,1
16048,1,short,1
16048,1,medium,1
16048,1,long,0.7142857142857143
16048,2,none,1
16048,2,short,0.8571428571428571
16048,2,medium,1
16048,2,long,1
16048,3,none,1
16048,3,short,0.7142857142857143
16048,3,medium,0.7142857142857143
16048,3,long,0.8571428571428571
16050,1,none,1
16050,1,short,1
16050,1,medium,1
16050,1,long,1
16050,2,none,1
16050,2,short,1
16050,2,medium,0.8571428571428571
16050,2,long,1
16050,3,none,1
16050,3,short,1
16050,3,medium,1
16050,3,long,1
16052,1,none,1
16052,1,short,1
16052,1,medium,0.8571428571428571
16052,1,long,1
16052,2,none,1
16052,2,short,1
16052,2,medium,1
16052,2,long,1
16052,3,none,1
16052,3,short,1
16052,3,medium,0.7142857142857143
16052,3,long,0.8571428571428571
16053,1,none,1
16053,1,short,1
16053,1,medium,0.8571428571428571
16053,1,long,1
16053,2,none,1
16053,2,short,0.8571428571428571
16053,2,medium,1
16053,2,long,1
16053,3,none,1
16053,3,short,1
16053,3,medium,0.8571428571428571
16053,3,long,1
16054,1,none,1
16054,1,short,1
16054,1,medium,1
16054,1,long,0.7142857142857143
16054,2,none,1
16054,2,short,1
16054,2,medium,1
16054,2,long,0.5714285714285714
16054,3,none,1
16054,3,short,1
16054,3,medium,1
16054,3,long,1
16055,1,none,1
16055,1,short,1
16055,1,medium,0.7142857142857143
16055,1,long,0.7142857142857143
16055,2,none,1
16055,2,short,1
16055,2,medium,1
16055,2,long,0.5714285714285714
16055,3,none,1
16055,3,short,0.8571428571428571
16055,3,medium,0.5714285714285714
16055,3,long,0.7142857142857143
16056,1,none,1
16056,1,short,1
16056,1,medium,1
16056,1,long,1
16056,2,none,1
16056,2,short,1
16056,2,medium,0.7142857142857143
16056,2,long,1
16056,3,none,1
16056,3,short,1
16056,3,medium,1
16056,3,long,1
16057,1,none,1
16057,1,short,0.7142857142857143
16057,1,medium,0.7142857142857143
16057,1,long,0.7142857142857143
16057,2,none,0
16057,2,short,0.8571428571428571
16057,2,medium,0.8571428571428571
16057,2,long,1
16057,3,none,1
16057,3,short,0.8571428571428571
16057,3,medium,0.5714285714285714
16057,3,long,0.2857142857142857
16058,1,none,0
16058,1,short,0.8571428571428571
16058,1,medium,0.8571428571428571
16058,1,long,0.7142857142857143
16058,2,none,1
16058,2,short,0.8571428571428571
16058,2,medium,1
16058,2,long,0.8571428571428571
16058,3,none,1
16058,3,short,0.8571428571428571
16058,3,medium,0.8571428571428571
16058,3,long,0.5714285714285714
16059,1,none,1
16059,1,short,0.8571428571428571
16059,1,medium,1
16059,1,long,0.5714285714285714
16059,2,none,0
16059,2,short,0.2857142857142857
16059,2,medium,0.5714285714285714
16059,2,long,0.7142857142857143
16059,3,none,1
16059,3,short,0.42857142857142855
16059,3,medium,0.8571428571428571
16059,3,long,0.5714285714285714
16060,1,none,1
16060,1,short,0.8571428571428571
16060,1,medium,0.8571428571428571
16060,1,long,0.7142857142857143
16060,2,none,1
16060,2,short,0.8571428571428571
16060,2,medium,0.7142857142857143
16060,2,long,0.5714285714285714
16060,3,none,1
16060,3,short,0.7142857142857143
16060,3,medium,0.8571428571428571
16060,3,long,0.5714285714285714
16061,1,none,1
16061,1,short,1
16061,1,medium,1
16061,1,long,0.8571428571428571
16061,2,none,1
16061,2,short,1
16061,2,medium,0.8571428571428571
16061,2,long,1
16061,3,none,1
16061,3,short,1
16061,3,medium,1
16061,3,long,0.8571428571428571
16062,1,none,1
16062,1,short,1
16062,1,medium,1
16062,1,long,1
16062,2,none,1
16062,2,short,1
16062,2,medium,1
16062,2,long,1
16062,3,none,1
16062,3,short,1
16062,3,medium,1
16062,3,long,1
16063,1,none,1
16063,1,short,1
16063,1,medium,0.8571428571428571
16063,1,long,0.7142857142857143
16063,2,none,1
16063,2,short,0.8571428571428571
16063,2,medium,0.5714285714285714
16063,2,long,0.7142857142857143
16063,3,none,1
16063,3,short,0.5714285714285714
16063,3,medium,0.14285714285714285
16063,3,long,0.5714285714285714
16064,1,none,1
16064,1,short,0.7142857142857143
16064,1,medium,1
16064,1,long,0.8571428571428571
16064,2,none,1
16064,2,short,0.8571428571428571
16064,2,medium,0.5714285714285714
16064,2,long,0.5714285714285714
16064,3,none,1
16064,3,short,1
16064,3,medium,0.2857142857142857
16064,3,long,0.5714285714285714
16065,1,none,1
16065,1,short,1
16065,1,medium,1
16065,1,long,0.8571428571428571
16065,2,none,1
16065,2,short,1
16065,2,medium,1
16065,2,long,0.8571428571428571
16065,3,none,1
16065,3,short,1
16065,3,medium,1
16065,3,long,0.5714285714285714
16066,1,none,1
16066,1,short,0.8571428571428571
16066,1,medium,0.8571428571428571
16066,1,long,0.7142857142857143
16066,2,none,1
16066,2,short,0.8571428571428571
16066,2,medium,0.7142857142857143
16066,2,long,0.42857142857142855
16066,3,none,1
16066,3,short,1
16066,3,medium,0.42857142857142855
16066,3,long,0.8571428571428571
16067,1,none,1
16067,1,short,1
16067,1,medium,1
16067,1,long,0.8571428571428571
16067,2,none,1
16067,2,short,1
16067,2,medium,1
16067,2,long,1
16067,3,none,1
16067,3,short,1
16067,3,medium,1
16067,3,long,0.8571428571428571
16068,1,none,1
16068,1,short,1
16068,1,medium,1
16068,1,long,0.8571428571428571
16068,2,none,1
16068,2,short,0.8571428571428571
16068,2,medium,1
16068,2,long,0.8571428571428571
16068,3,none,1
16068,3,short,1
16068,3,medium,0.7142857142857143
16068,3,long,0.8571428571428571
16070,1,none,1
16070,1,short,0.8571428571428571
16070,1,medium,1
16070,1,long,1
16070,2,none,1
16070,2,short,1
16070,2,medium,1
16070,2,long,1
16070,3,none,1
16070,3,short,1
16070,3,medium,0.8571428571428571
16070,3,long,1
16071,1,none,1
16071,1,short,0.8571428571428571
16071,1,medium,0.8571428571428571
16071,1,long,0.7142857142857143
16071,2,none,1
16071,2,short,1
16071,2,medium,0.8571428571428571
16071,2,long,0.7142857142857143
16071,3,none,1
16071,3,short,0.8571428571428571
16071,3,medium,0.42857142857142855
16071,3,long,0.42857142857142855
16072,1,none,1
16072,1,short,1
16072,1,medium,1
16072,1,long,1
16072,2,none,1
16072,2,short,1
16072,2,medium,1
16072,2,long,1
16072,3,none,1
16072,3,short,1
16072,3,medium,1
16072,3,long,0.8571428571428571
16075,1,none,1
16075,1,short,1
16075,1,medium,1
16075,1,long,1
16075,2,none,0
16075,2,short,1
16075,2,medium,1
16075,2,long,1
16075,3,none,1
16075,3,short,1
16075,3,medium,0.8571428571428571
16075,3,long,1
16077,1,none,1
16077,1,short,1
16077,1,medium,1
16077,1,long,0.8571428571428571
16077,2,none,1
16077,2,short,0.8571428571428571
16077,2,medium,0.8571428571428571
16077,2,long,0.7142857142857143
16077,3,none,1
16077,3,short,1
16077,3,medium,0.8571428571428571
16077,3,long,0.8571428571428571
16078,1,none,1
16078,1,short,1
16078,1,medium,1
16078,1,long,0.8571428571428571
16078,2,none,1
16078,2,short,1
16078,2,medium,0.8571428571428571
16078,2,long,0.8571428571428571
16078,3,none,1
16078,3,short,1
16078,3,medium,0.5714285714285714
16078,3,long,0.7142857142857143
16079,1,none,1
16079,1,short,0.8571428571428571
16079,1,medium,0.8571428571428571
16079,1,long,1
16079,2,none,1
16079,2,short,1
16079,2,medium,0.8571428571428571
16079,2,long,1
16079,3,none,1
16079,3,short,0.8571428571428571
16079,3,medium,0.8571428571428571
16079,3,long,1
16083,1,none,1
16083,1,short,1
16083,1,medium,0.8571428571428571
16083,1,long,1
16083,2,none,1
16083,2,short,1
16083,2,medium,1
16083,2,long,1
16083,3,none,1
16083,3,short,1
16083,3,medium,1
16083,3,long,1
16084,1,none,1
16084,1,short,1
16084,1,medium,1
16084,1,long,0.5714285714285714
16084,2,none,1
16084,2,short,0.7142857142857143
16084,2,medium,1
16084,2,long,0.8571428571428571
16084,3,none,1
16084,3,short,0.5714285714285714
16084,3,medium,0.7142857142857143
16084,3,long,0.8571428571428571
16085,1,none,1
16085,1,short,1
16085,1,medium,0.8571428571428571
16085,1,long,0.8571428571428571
16085,2,none,0
16085,2,short,0.5714285714285714
16085,2,medium,0.8571428571428571
16085,2,long,0.5714285714285714
16085,3,none,1
16085,3,short,1
16085,3,medium,0.8571428571428571
16085,3,long,0.7142857142857143
16086,1,none,1
16086,1,short,0.7142857142857143
16086,1,medium,0.8571428571428571
16086,1,long,0.5714285714285714
16086,2,none,0
16086,2,short,0.8571428571428571
16086,2,medium,0.42857142857142855
16086,2,long,0.8571428571428571
16086,3,none,1
16086,3,short,0.8571428571428571
16086,3,medium,0.2857142857142857
16086,3,long,0.5714285714285714
16087,1,none,1
16087,1,short,1
16087,1,medium,0.7142857142857143
16087,1,long,1
16087,2,none,1
16087,2,short,0.8571428571428571
16087,2,medium,0.8571428571428571
16087,2,long,0.7142857142857143
16087,3,none,1
16087,3,short,1
16087,3,medium,0.8571428571428571
16087,3,long,1
16088,1,none,1
16088,1,short,0.8571428571428571
16088,1,medium,0.8571428571428571
16088,1,long,0.7142857142857143
16088,2,none,1
16088,2,short,1
16088,2,medium,0.8571428571428571
16088,2,long,0.8571428571428571
16088,3,none,1
16088,3,short,1
16088,3,medium,0.8571428571428571
16088,3,long,0.7142857142857143
16094,1,none,1
16094,1,short,1
16094,1,medium,1
16094,1,long,1
16094,2,none,1
16094,2,short,1
16094,2,medium,1
16094,2,long,0.8571428571428571
16094,3,none,1
16094,3,short,1
16094,3,medium,1
16094,3,long,1
16096,1,none,1
16096,1,short,1
16096,1,medium,1
16096,1,long,1
16096,2,none,1
16096,2,short,1
16096,2,medium,1
16096,2,long,1
16096,3,none,1
16096,3,short,1
16096,3,medium,1
16096,3,long,1
16097,1,none,1
16097,1,short,1
16097,1,medium,0.8571428571428571
16097,1,long,1
16097,2,none,1
16097,2,short,1
16097,2,medium,1
16097,2,long,1
16097,3,none,1
16097,3,short,1
16097,3,medium,1
16097,3,long,1
16098,1,none,1
16098,1,short,0.7142857142857143
16098,1,medium,1
16098,1,long,0.7142857142857143
16098,2,none,1
16098,2,short,1
16098,2,medium,0.8571428571428571
16098,2,long,0.5714285714285714
16098,3,none,1
16098,3,short,0.8571428571428571
16098,3,medium,0.7142857142857143
16098,3,long,0.8571428571428571
16099,1,none,1
16099,1,short,1
16099,1,medium,1
16099,1,long,1
16099,2,none,1
16099,2,short,1
16099,2,medium,1
16099,2,long,0.8571428571428571
16099,3,none,1
16099,3,short,1
16099,3,medium,0.8571428571428571
16099,3,long,0.8571428571428571
16100,1,none,1
16100,1,short,0.8571428571428571
16100,1,medium,0.5714285714285714
16100,1,long,0.5714285714285714
16100,2,none,1
16100,2,short,1
16100,2,medium,0.8571428571428571
16100,2,long,0.7142857142857143
16100,3,none,1
16100,3,short,1
16100,3,medium,1
16100,3,long,0.8571428571428571
16104,1,none,1
16104,1,short,1
16104,1,medium,1
16104,1,long,1
16104,2,none,1
16104,2,short,1
16104,2,medium,1
16104,2,long,1
16104,3,none,1
16104,3,short,1
16104,3,medium,1
16104,3,long,1
16106,1,none,1
16106,1,short,0.8571428571428571
16106,1,medium,1
16106,1,long,0.7142857142857143
16106,2,none,1
16106,2,short,0.8571428571428571
16106,2,medium,0.8571428571428571
16106,2,long,0.2857142857142857
16106,3,none,1
16106,3,short,0.8571428571428571
16106,3,medium,0.7142857142857143
16106,3,long,0.42857142857142855
16107,1,none,1
16107,1,short,1
16107,1,medium,1
16107,1,long,0.8571428571428571
16107,2,none,1
16107,2,short,0.8571428571428571
16107,2,medium,1
16107,2,long,0.7142857142857143
16107,3,none,1
16107,3,short,1
16107,3,medium,1
16107,3,long,0.8571428571428571
16108,1,none,1
16108,1,short,0.8571428571428571
16108,1,medium,1
16108,1,long,0.8571428571428571
16108,2,none,1
16108,2,short,1
16108,2,medium,1
16108,2,long,1
16108,3,none,1
16108,3,short,1
16108,3,medium,1
16108,3,long,1
16110,1,none,1
16110,1,short,1
16110,1,medium,1
16110,1,long,1
16110,2,none,1
16110,2,short,0.8571428571428571
16110,2,medium,0.8571428571428571
16110,2,long,1
16110,3,none,1
16110,3,short,1
16110,3,medium,1
16110,3,long,1
16113,1,none,1
16113,1,short,0.7142857142857143
16113,1,medium,1
16113,1,long,0.7142857142857143
16113,2,none,1
16113,2,short,0.8571428571428571
16113,2,medium,0.5714285714285714
16113,2,long,0.42857142857142855
16113,3,none,1
16113,3,short,0.8571428571428571
16113,3,medium,0.8571428571428571
16113,3,long,0.42857142857142855
16114,1,none,1
16114,1,short,1
16114,1,medium,1
16114,1,long,1
16114,2,none,1
16114,2,short,1
16114,2,medium,1
16114,2,long,1
16114,3,none,1
16114,3,short,1
16114,3,medium,1
16114,3,long,1
16115,1,none,1
16115,1,short,0.7142857142857143
16115,1,medium,0.8571428571428571
16115,1,long,0.7142857142857143
16115,2,none,1
16115,2,short,1
16115,2,medium,0.8571428571428571
16115,2,long,0.7142857142857143
16115,3,none,1
16115,3,short,0.8571428571428571
16115,3,medium,0.8571428571428571
16115,3,long,0.7142857142857143
16116,1,none,1
16116,1,short,1
16116,1,medium,1
16116,1,long,0.8571428571428571
16116,2,none,1
16116,2,short,0.7142857142857143
16116,2,medium,1
16116,2,long,0.5714285714285714
16116,3,none,1
16116,3,short,1
16116,3,medium,1
16116,3,long,0.5714285714285714
16117,1,none,1
16117,1,short,0.7142857142857143
16117,1,medium,0.7142857142857143
16117,1,long,0.5714285714285714
16117,2,none,1
16117,2,short,0.5714285714285714
16117,2,medium,0.5714285714285714
16117,2,long,0.5714285714285714
16117,3,none,1
16117,3,short,0.8571428571428571
16117,3,medium,0.7142857142857143
16117,3,long,0.7142857142857143
16121,1,none,1
16121,1,short,1
16121,1,medium,1
16121,1,long,1
16121,2,none,1
16121,2,short,0.8571428571428571
16121,2,medium,0.8571428571428571
16121,2,long,0.8571428571428571
16121,3,none,1
16121,3,short,1
16121,3,medium,1
16121,3,long,0.8571428571428571
16122,1,none,1
16122,1,short,1
16122,1,medium,1
16122,1,long,0.7142857142857143
16122,2,none,1
16122,2,short,1
16122,2,medium,1
16122,2,long,1
16122,3,none,1
16122,3,short,1
16122,3,medium,0.8571428571428571
16122,3,long,1
16123,1,none,1
16123,1,short,0.8571428571428571
16123,1,medium,0.8571428571428571
16123,1,long,0.5714285714285714
16123,2,none,1
16123,2,short,0.8571428571428571
16123,2,medium,1
16123,2,long,0.7142857142857143
16123,3,none,1
16123,3,short,0.7142857142857143
16123,3,medium,0.5714285714285714
16123,3,long,0.7142857142857143
16124,1,none,1
16124,1,short,1
16124,1,medium,1
16124,1,long,1
16124,2,none,1
16124,2,short,1
16124,2,medium,1
16124,2,long,0.7142857142857143
16124,3,none,1
16124,3,short,1
16124,3,medium,1
16124,3,long,0.8571428571428571
16125,1,none,1
16125,1,short,1
16125,1,medium,1
16125,1,long,1
16125,2,none,1
16125,2,short,1
16125,2,medium,1
16125,2,long,0.8571428571428571
16125,3,none,1
16125,3,short,1
16125,3,medium,1
16125,3,long,1
16126,1,none,1
16126,1,short,1
16126,1,medium,1
16126,1,long,0.8571428571428571
16126,2,none,1
16126,2,short,0.7142857142857143
16126,2,medium,0.7142857142857143
16126,2,long,1
16126,3,none,1
16126,3,short,1
16126,3,medium,0.7142857142857143
16126,3,long,0.2857142857142857
16127,1,none,1
16127,1,short,1
16127,1,medium,1
16127,1,long,1
16127,2,none,1
16127,2,short,0.8571428571428571
16127,2,medium,0.8571428571428571
16127,2,long,0.7142857142857143
16127,3,none,1
16127,3,short,1
16127,3,medium,1
16127,3,long,0.7142857142857143
16128,1,none,1
16128,1,short,1
16128,1,medium,1
16128,1,long,0.7142857142857143
16128,2,none,1
16128,2,short,1
16128,2,medium,0.8571428571428571
16128,2,long,0.8571428571428571
16128,3,none,1
16128,3,short,1
16128,3,medium,0.7142857142857143
16128,3,long,1
16129,1,none,1
16129,1,short,1
16129,1,medium,1
16129,1,long,1
16129,2,none,1
16129,2,short,1
16129,2,medium,1
16129,2,long,1
16129,3,none,1
16129,3,short,1
16129,3,medium,0.8571428571428571
16129,3,long,0.5714285714285714
16130,1,none,0
16130,1,short,1
16130,1,medium,0.8571428571428571
16130,1,long,1
16130,2,none,1
16130,2,short,1
16130,2,medium,0.7142857142857143
16130,2,long,1
16130,3,none,1
16130,3,short,0.8571428571428571
16130,3,medium,0.7142857142857143
16130,3,long,1
16131,1,none,0
16131,1,short,0.8571428571428571
16131,1,medium,1
16131,1,long,0.8571428571428571
16131,2,none,1
16131,2,short,0.8571428571428571
16131,2,medium,1
16131,2,long,0.8571428571428571
16131,3,none,1
16131,3,short,1
16131,3,medium,0.8571428571428571
16131,3,long,0.8571428571428571
16132,1,none,1
16132,1,short,1
16132,1,medium,1
16132,1,long,0.8571428571428571
16132,2,none,1
16132,2,short,1
16132,2,medium,0.8571428571428571
16132,2,long,0.7142857142857143
16132,3,none,1
16132,3,short,1
16132,3,medium,1
16132,3,long,0.8571428571428571
16133,1,none,1
16133,1,short,1
16133,1,medium,0.7142857142857143
16133,1,long,0.8571428571428571
16133,2,none,1
16133,2,short,0.8571428571428571
16133,2,medium,1
16133,2,long,0.8571428571428571
16133,3,none,1
16133,3,short,1
16133,3,medium,0.5714285714285714
16133,3,long,0.8571428571428571
16136,1,none,1
16136,1,short,1
16136,1,medium,1
16136,1,long,1
16136,2,none,1
16136,2,short,1
16136,2,medium,1
16136,2,long,1
16136,3,none,1
16136,3,short,1
16136,3,medium,1
16136,3,long,1
16138,1,none,1
16138,1,short,1
16138,1,medium,1
16138,1,long,1
16138,2,none,1
16138,2,short,1
16138,2,medium,1
16138,2,long,1
16138,3,none,1
16138,3,short,1
16138,3,medium,1
16138,3,long,1
16139,1,none,1
16139,1,short,1
16139,1,medium,1
16139,1,long,1
16139,2,none,1
16139,2,short,1
16139,2,medium,1
16139,2,long,1
16139,3,none,1
16139,3,short,1
16139,3,medium,1
16139,3,long,1
16140,1,none,1
16140,1,short,1
16140,1,medium,1
16140,1,long,1
16140,2,none,1
16140,2,short,1
16140,2,medium,0.8571428571428571
16140,2,long,0.8571428571428571
16140,3,none,1
16140,3,short,1
16140,3,medium,0.8571428571428571
16140,3,long,0.8571428571428571
16142,1,none,1
16142,1,short,1
16142,1,medium,1
16142,1,long,1
16142,2,none,1
16142,2,short,1
16142,2,medium,1
16142,2,long,1
16142,3,none,1
16142,3,short,1
16142,3,medium,1
16142,3,long,1
16143,1,none,1
16143,1,short,1
16143,1,medium,1
16143,1,long,0.8571428571428571
16143,2,none,1
16143,2,short,1
16143,2,medium,1
16143,2,long,0.8571428571428571
16143,3,none,1
16143,3,short,1
16143,3,medium,1
16143,3,long,1
16146,1,none,1
16146,1,short,1
16146,1,medium,1
16146,1,long,1
16146,2,none,1
16146,2,short,1
16146,2,medium,1
16146,2,long,1
16146,3,none,1
16146,3,short,1
16146,3,medium,1
16146,3,long,0.8571428571428571
16147,1,none,1
16147,1,short,1
16147,1,medium,1
16147,1,long,1
16147,2,none,1
16147,2,short,1
16147,2,medium,0.8571428571428571
16147,2,long,1
16147,3,none,1
16147,3,short,1
16147,3,medium,0.8571428571428571
16147,3,long,0.7142857142857143
16149,1,none,1
16149,1,short,1
16149,1,medium,1
16149,1,long,1
16149,2,none,1
16149,2,short,0.7142857142857143
16149,2,medium,0.7142857142857143
16149,2,long,1
16149,3,none,0
16149,3,short,0.42857142857142855
16149,3,medium,0.42857142857142855
16149,3,long,0.8571428571428571
16150,1,none,1
16150,1,short,1
16150,1,medium,1
16150,1,long,1
16150,2,none,1
16150,2,short,1
16150,2,medium,0.7142857142857143
16150,2,long,0.7142857142857143
16150,3,none,1
16150,3,short,1
16150,3,medium,1
16150,3,long,0.7142857142857143
16151,1,none,1
16151,1,short,1
16151,1,medium,0.7142857142857143
16151,1,long,0.8571428571428571
16151,2,none,1
16151,2,short,1
16151,2,medium,0.8571428571428571
16151,2,long,0.7142857142857143
16151,3,none,1
16151,3,short,0.8571428571428571
16151,3,medium,0.8571428571428571
16151,3,long,1
16152,1,none,1
16152,1,short,1
16152,1,medium,1
16152,1,long,1
16152,2,none,1
16152,2,short,1
16152,2,medium,1
16152,2,long,1
16152,3,none,1
16152,3,short,1
16152,3,medium,1
16152,3,long,1
16153,1,none,1
16153,1,short,1
16153,1,medium,0.7142857142857143
16153,1,long,0.7142857142857143
16153,2,none,1
16153,2,short,1
16153,2,medium,0.8571428571428571
16153,2,long,0.8571428571428571
16153,3,none,1
16153,3,short,1
16153,3,medium,0.42857142857142855
16153,3,long,0.8571428571428571
16154,1,none,1
16154,1,short,1
16154,1,medium,1
16154,1,long,1
16154,2,none,1
16154,2,short,0.7142857142857143
16154,2,medium,1
16154,2,long,1
16154,3,none,1
16154,3,short,1
16154,3,medium,1
16154,3,long,0.7142857142857143
16157,1,none,1
16157,1,short,1
16157,1,medium,0.8571428571428571
16157,1,long,0.7142857142857143
16157,2,none,1
16157,2,short,1
16157,2,medium,1
16157,2,long,0.8571428571428571
16157,3,none,1
16157,3,short,1
16157,3,medium,1
16157,3,long,0.8571428571428571
16158,1,none,1
16158,1,short,0.8571428571428571
16158,1,medium,1
16158,1,long,1
16158,2,none,1
16158,2,short,1
16158,2,medium,0.8571428571428571
16158,2,long,1
16158,3,none,1
16158,3,short,1
16158,3,medium,1
16158,3,long,0.8571428571428571
16159,1,none,1
16159,1,short,1
16159,1,medium,1
16159,1,long,1
16159,2,none,1
16159,2,short,1
16159,2,medium,1
16159,2,long,1
16159,3,none,1
16159,3,short,1
16159,3,medium,1
16159,3,long,0.8571428571428571
16160,1,none,0
16160,1,short,1
16160,1,medium,0.7142857142857143
16160,1,long,0.7142857142857143
16160,2,none,1
16160,2,short,0.8571428571428571
16160,2,medium,1
16160,2,long,0.7142857142857143
16160,3,none,1
16160,3,short,0.7142857142857143
16160,3,medium,0.7142857142857143
16160,3,long,0.5714285714285714
16161,1,none,1
16161,1,short,1
16161,1,medium,1
16161,1,long,1
16161,2,none,1
16161,2,short,0.8571428571428571
16161,2,medium,0.8571428571428571
16161,2,long,0.8571428571428571
16161,3,none,1
16161,3,short,1
16161,3,medium,0.8571428571428571
16161,3,long,0.8571428571428571
16163,1,none,1
16163,1,short,1
16163,1,medium,0.8571428571428571
16163,1,long,0.8571428571428571
16163,2,none,1
16163,2,short,1
16163,2,medium,0.8571428571428571
16163,2,long,0.8571428571428571
16163,3,none,1
16163,3,short,1
16163,3,medium,0.8571428571428571
16163,3,long,0.7142857142857143
16165,1,none,1
16165,1,short,1
16165,1,medium,0.8571428571428571
16165,1,long,0.8571428571428571
16165,2,none,1
16165,2,short,1
16165,2,medium,0.7142857142857143
16165,2,long,0.7142857142857143
16165,3,none,1
16165,3,short,0.7142857142857143
16165,3,medium,0.7142857142857143
16165,3,long,0.8571428571428571
16167,1,none,1
16167,1,short,0.8571428571428571
16167,1,medium,0.8571428571428571
16167,1,long,0.8571428571428571
16167,2,none,0
16167,2,short,0.7142857142857143
16167,2,medium,1
16167,2,long,0.7142857142857143
16167,3,none,0
16167,3,short,0.5714285714285714
16167,3,medium,0.5714285714285714
16167,3,long,0.5714285714285714
16169,1,none,1
16169,1,short,1
16169,1,medium,1
16169,1,long,0.8571428571428571
16169,2,none,1
16169,2,short,1
16169,2,medium,1
16169,2,long,1
16169,3,none,1
16169,3,short,1
16169,3,medium,1
16169,3,long,1
16170,1,none,1
16170,1,short,1
16170,1,medium,1
16170,1,long,1
16170,2,none,1
16170,2,short,1
16170,2,medium,1
16170,2,long,1
16170,3,none,1
16170,3,short,1
16170,3,medium,1
16170,3,long,1
16171,1,none,1
16171,1,short,1
16171,1,medium,1
16171,1,long,1
16171,2,none,1
16171,2,short,1
16171,2,medium,1
16171,2,long,1
16171,3,none,1
16171,3,short,1
16171,3,medium,1
16171,3,long,1
16172,1,none,1
16172,1,short,1
16172,1,medium,0.8571428571428571
16172,1,long,0.8571428571428571
16172,2,none,1
16172,2,short,1
16172,2,medium,1
16172,2,long,1
16172,3,none,1
16172,3,short,1
16172,3,medium,1
16172,3,long,1
16173,1,none,1
16173,1,short,1
16173,1,medium,1
16173,1,long,0.8571428571428571
16173,2,none,1
16173,2,short,1
16173,2,medium,1
16173,2,long,1
16173,3,none,1
16173,3,short,1
16173,3,medium,0.8571428571428571
16173,3,long,1
16175,1,none,1
16175,1,short,1
16175,1,medium,1
16175,1,long,1
16175,2,none,1
16175,2,short,1
16175,2,medium,1
16175,2,long,1
16175,3,none,1
16175,3,short,1
16175,3,medium,1
16175,3,long,1
16178,1,none,0
16178,1,short,1
16178,1,medium,0.8571428571428571
16178,1,long,1
16178,2,none,1
16178,2,short,1
16178,2,medium,1
16178,2,long,0.7142857142857143
16178,3,none,1
16178,3,short,1
16178,3,medium,0.8571428571428571
16178,3,long,1
16179,1,none,1
16179,1,short,1
16179,1,medium,1
16179,1,long,1
16179,2,none,1
16179,2,short,1
16179,2,medium,1
16179,2,long,1
16179,3,none,1
16179,3,short,1
16179,3,medium,1
16179,3,long,1
16181,1,none,0
16181,1,short,1
16181,1,medium,0.8571428571428571
16181,1,long,0.8571428571428571
16181,2,none,1
16181,2,short,0.8571428571428571
16181,2,medium,0.8571428571428571
16181,2,long,0.7142857142857143
16181,3,none,0
16181,3,short,1
16181,3,medium,1
16181,3,long,1
16183,1,none,1
16183,1,short,0.8571428571428571
16183,1,medium,0.5714285714285714
16183,1,long,0.5714285714285714
16183,2,none,1
16183,2,short,0.8571428571428571
16183,2,medium,0.7142857142857143
16183,2,long,0.2857142857142857
16183,3,none,1
16183,3,short,0.7142857142857143
16183,3,medium,0.5714285714285714
16183,3,long,0.5714285714285714
16184,1,none,1
16184,1,short,0.5714285714285714
16184,1,medium,0.8571428571428571
16184,1,long,0.7142857142857143
16184,2,none,1
16184,2,short,0.7142857142857143
16184,2,medium,1
16184,2,long,0.42857142857142855
16184,3,none,1
16184,3,short,0.7142857142857143
16184,3,medium,0.7142857142857143
16184,3,long,0.5714285714285714
16185,1,none,1
16185,1,short,0.7142857142857143
16185,1,medium,0.7142857142857143
16185,1,long,0.7142857142857143
16185,2,none,1
16185,2,short,1
16185,2,medium,0.8571428571428571
16185,2,long,0.7142857142857143
16185,3,none,1
16185,3,short,1
16185,3,medium,1
16185,3,long,0.7142857142857143
16187,1,none,1
16187,1,short,0.8571428571428571
16187,1,medium,1
16187,1,long,0.8571428571428571
16187,2,none,1
16187,2,short,1
16187,2,medium,1
16187,2,long,1
16187,3,none,1
16187,3,short,0.8571428571428571
16187,3,medium,1
16187,3,long,0.7142857142857143
16188,1,none,1
16188,1,short,1
16188,1,medium,1
16188,1,long,1
16188,2,none,1
16188,2,short,1
16188,2,medium,1
16188,2,long,1
16188,3,none,1
16188,3,short,1
16188,3,medium,1
16188,3,long,0.8571428571428571
16189,1,none,1
16189,1,short,1
16189,1,medium,1
16189,1,long,1
16189,2,none,1
16189,2,short,0.8571428571428571
16189,2,medium,0.5714285714285714
16189,2,long,0.7142857142857143
16189,3,none,1
16189,3,short,0.5714285714285714
16189,3,medium,0.5714285714285714
16189,3,long,0.42857142857142855
16190,1,none,1
16190,1,short,1
16190,1,medium,1
16190,1,long,1
16190,2,none,1
16190,2,short,1
16190,2,medium,1
16190,2,long,1
16190,3,none,1
16190,3,short,1
16190,3,medium,1
16190,3,long,1
16191,1,none,1
16191,1,short,0.8571428571428571
16191,1,medium,1
16191,1,long,0.7142857142857143
16191,2,none,1
16191,2,short,0.8571428571428571
16191,2,medium,1
16191,2,long,1
16191,3,none,1
16191,3,short,1
16191,3,medium,0.8571428571428571
16191,3,long,0.8571428571428571
16192,1,none,1
16192,1,short,1
16192,1,medium,1
16192,1,long,1
16192,2,none,1
16192,2,short,1
16192,2,medium,1
16192,2,long,1
16192,3,none,1
16192,3,short,1
16192,3,medium,0.8571428571428571
16192,3,long,1
16193,1,none,1
16193,1,short,0.8571428571428571
16193,1,medium,1
16193,1,long,0.8571428571428571
16193,2,none,1
16193,2,short,0.7142857142857143
16193,2,medium,1
16193,2,long,0.8571428571428571
16193,3,none,1
16193,3,short,0.8571428571428571
16193,3,medium,0.7142857142857143
16193,3,long,1
16194,1,none,1
16194,1,short,0.8571428571428571
16194,1,medium,1
16194,1,long,1
16194,2,none,1
16194,2,short,1
16194,2,medium,0.8571428571428571
16194,2,long,0.8571428571428571
16194,3,none,1
16194,3,short,1
16194,3,medium,0.8571428571428571
16194,3,long,0.8571428571428571
16197,1,none,1
16197,1,short,0.8571428571428571
16197,1,medium,1
16197,1,long,0.7142857142857143
16197,2,none,1
16197,2,short,1
16197,2,medium,1
16197,2,long,0.7142857142857143
16197,3,none,1
16197,3,short,0.8571428571428571
16197,3,medium,0.42857142857142855
16197,3,long,0.7142857142857143
16198,1,none,1
16198,1,short,1
16198,1,medium,1
16198,1,long,1
16198,2,none,1
16198,2,short,1
16198,2,medium,1
16198,2,long,1
16198,3,none,1
16198,3,short,1
16198,3,medium,1
16198,3,long,1
16200,1,none,1
16200,1,short,1
16200,1,medium,1
16200,1,long,0.7142857142857143
16200,2,none,1
16200,2,short,1
16200,2,medium,1
16200,2,long,0.8571428571428571
16200,3,none,1
16200,3,short,1
16200,3,medium,0.5714285714285714
16200,3,long,0.8571428571428571
16203,1,none,1
16203,1,short,0.8571428571428571
16203,1,medium,0.8571428571428571
16203,1,long,0.7142857142857143
16203,2,none,1
16203,2,short,1
16203,2,medium,0.8571428571428571
16203,2,long,0.8571428571428571
16203,3,none,1
16203,3,short,0.7142857142857143
16203,3,medium,0.42857142857142855
16203,3,long,0.42857142857142855
16204,1,none,1
16204,1,short,1
16204,1,medium,0.8571428571428571
16204,1,long,0.8571428571428571
16204,2,none,1
16204,2,short,0.8571428571428571
16204,2,medium,0.7142857142857143
16204,2,long,1
16204,3,none,0
16204,3,short,1
16204,3,medium,0.8571428571428571
16204,3,long,0.5714285714285714
16205,1,none,0
16205,1,short,1
16205,1,medium,1
16205,1,long,0.7142857142857143
16205,2,none,1
16205,2,short,0.8571428571428571
16205,2,medium,1
16205,2,long,0.8571428571428571
16205,3,none,1
16205,3,short,1
16205,3,medium,0.7142857142857143
16205,3,long,0.8571428571428571
16206,1,none,1
16206,1,short,1
16206,1,medium,1
16206,1,long,1
16206,2,none,1
16206,2,short,1
16206,2,medium,1
16206,2,long,1
16206,3,none,1
16206,3,short,1
16206,3,medium,1
16206,3,long,1
16207,1,none,1
16207,1,short,1
16207,1,medium,1
16207,1,long,0.8571428571428571
16207,2,none,1
16207,2,short,1
16207,2,medium,1
16207,2,long,1
16207,3,none,1
16207,3,short,1
16207,3,medium,0.7142857142857143
16207,3,long,1
16208,1,none,0
16208,1,short,1
16208,1,medium,1
16208,1,long,0.8571428571428571
16208,2,none,1
16208,2,short,1
16208,2,medium,0.8571428571428571
16208,2,long,0.8571428571428571
16208,3,none,1
16208,3,short,1
16208,3,medium,1
16208,3,long,0.8571428571428571
16209,1,none,1
16209,1,short,1
16209,1,medium,0.8571428571428571
16209,1,long,0.7142857142857143
16209,2,none,1
16209,2,short,1
16209,2,medium,0.8571428571428571
16209,2,long,1
16209,3,none,1
16209,3,short,1
16209,3,medium,0.7142857142857143
16209,3,long,1
16210,1,none,1
16210,1,short,0.8571428571428571
16210,1,medium,1
16210,1,long,1
16210,2,none,1
16210,2,short,1
16210,2,medium,1
16210,2,long,1
16210,3,none,0
16210,3,short,1
16210,3,medium,1
16210,3,long,1
16211,1,none,1
16211,1,short,0.7142857142857143
16211,1,medium,0.8571428571428571
16211,1,long,0.5714285714285714
16211,2,none,1
16211,2,short,0.8571428571428571
16211,2,medium,1
16211,2,long,0.8571428571428571
16211,3,none,1
16211,3,short,0.8571428571428571
16211,3,medium,0.7142857142857143
16211,3,long,0.7142857142857143
16212,1,none,1
16212,1,short,0.5714285714285714
16212,1,medium,0.42857142857142855
16212,1,long,0.42857142857142855
16212,2,none,0
16212,2,short,0.5714285714285714
16212,2,medium,0.2857142857142857
16212,2,long,0.42857142857142855
16212,3,none,1
16212,3,short,0.7142857142857143
16212,3,medium,0.8571428571428571
16212,3,long,0.42857142857142855
16215,1,none,1
16215,1,short,1
16215,1,medium,1
16215,1,long,0.8571428571428571
16215,2,none,1
16215,2,short,0.8571428571428571
16215,2,medium,1
16215,2,long,0.8571428571428571
16215,3,none,1
16215,3,short,1
16215,3,medium,0.7142857142857143
16215,3,long,0.8571428571428571
16216,1,none,1
16216,1,short,1
16216,1,medium,1
16216,1,long,1
16216,2,none,1
16216,2,short,0.7142857142857143
16216,2,medium,1
16216,2,long,1
16216,3,none,1
16216,3,short,1
16216,3,medium,1
16216,3,long,0.8571428571428571
16217,1,none,1
16217,1,short,0.8571428571428571
16217,1,medium,0.8571428571428571
16217,1,long,0.5714285714285714
16217,2,none,1
16217,2,short,0.5714285714285714
16217,2,medium,1
16217,2,long,0.42857142857142855
16217,3,none,1
16217,3,short,0.42857142857142855
16217,3,medium,0.7142857142857143
16217,3,long,0.2857142857142857
16219,1,none,1
16219,1,short,0.7142857142857143
16219,1,medium,0.8571428571428571
16219,1,long,0.5714285714285714
16219,2,none,1
16219,2,short,0.7142857142857143
16219,2,medium,0.8571428571428571
16219,2,long,0.5714285714285714
16219,3,none,1
16219,3,short,0.5714285714285714
16219,3,medium,0.7142857142857143
16219,3,long,1
16220,1,none,1
16220,1,short,1
16220,1,medium,1
16220,1,long,1
16220,2,none,1
16220,2,short,1
16220,2,medium,1
16220,2,long,0.7142857142857143
16220,3,none,1
16220,3,short,1
16220,3,medium,0.8571428571428571
16220,3,long,0.8571428571428571
16221,1,none,1
16221,1,short,1
16221,1,medium,0.8571428571428571
16221,1,long,0.7142857142857143
16221,2,none,1
16221,2,short,0.7142857142857143
16221,2,medium,0.8571428571428571
16221,2,long,0.8571428571428571
16221,3,none,1
16221,3,short,1
16221,3,medium,0.42857142857142855
16221,3,long,0.5714285714285714
16226,1,none,1
16226,1,short,1
16226,1,medium,1
16226,1,long,1
16226,2,none,1
16226,2,short,1
16226,2,medium,0.5714285714285714
16226,2,long,0.8571428571428571
16226,3,none,1
16226,3,short,1
16226,3,medium,0.7142857142857143
16226,3,long,0.5714285714285714
16227,1,none,1
16227,1,short,1
16227,1,medium,1
16227,1,long,1
16227,2,none,1
16227,2,short,0.7142857142857143
16227,2,medium,1
16227,2,long,0.8571428571428571
16227,3,none,1
16227,3,short,1
16227,3,medium,1
16227,3,long,0.5714285714285714
16230,1,none,1
16230,1,short,0.8571428571428571
16230,1,medium,0.7142857142857143
16230,1,long,1
16230,2,none,1
16230,2,short,1
16230,2,medium,1
16230,2,long,1
16230,3,none,1
16230,3,short,1
16230,3,medium,1
16230,3,long,1
16232,1,none,1
16232,1,short,0.8571428571428571
16232,1,medium,0.8571428571428571
16232,1,long,0.8571428571428571
16232,2,none,1
16232,2,short,0.8571428571428571
16232,2,medium,1
16232,2,long,0.8571428571428571
16232,3,none,1
16232,3,short,0.8571428571428571
16232,3,medium,0.8571428571428571
16232,3,long,1
16233,1,none,1
16233,1,short,1
16233,1,medium,0.8571428571428571
16233,1,long,1
16233,2,none,1
16233,2,short,1
16233,2,medium,1
16233,2,long,0.8571428571428571
16233,3,none,1
16233,3,short,1
16233,3,medium,0.8571428571428571
16233,3,long,0.8571428571428571
16234,1,none,1
16234,1,short,1
16234,1,medium,1
16234,1,long,1
16234,2,none,1
16234,2,short,1
16234,2,medium,1
16234,2,long,1
16234,3,none,1
16234,3,short,1
16234,3,medium,0.8571428571428571
16234,3,long,1
16236,1,none,1
16236,1,short,1
16236,1,medium,1
16236,1,long,1
16236,2,none,1
16236,2,short,0.8571428571428571
16236,2,medium,0.8571428571428571
16236,2,long,0.7142857142857143
16236,3,none,0
16236,3,short,0.7142857142857143
16236,3,medium,0.7142857142857143
16236,3,long,0.7142857142857143
16238,1,none,1
16238,1,short,0.7142857142857143
16238,1,medium,1
16238,1,long,0.8571428571428571
16238,2,none,1
16238,2,short,0.8571428571428571
16238,2,medium,1
16238,2,long,1
16238,3,none,1
16238,3,short,1
16238,3,medium,1
16238,3,long,1
16240,1,none,1
16240,1,short,1
16240,1,medium,1
16240,1,long,1
16240,2,none,1
16240,2,short,1
16240,2,medium,1
16240,2,long,1
16240,3,none,1
16240,3,short,1
16240,3,medium,0.8571428571428571
16240,3,long,0.7142857142857143
16242,1,none,1
16242,1,short,1
16242,1,medium,0.8571428571428571
16242,1,long,0.5714285714285714
16242,2,none,1
16242,2,short,0.8571428571428571
16242,2,medium,0.8571428571428571
16242,2,long,0.7142857142857143
16242,3,none,1
16242,3,short,1
16242,3,medium,0.5714285714285714
16242,3,long,0.2857142857142857
16243,1,none,1
16243,1,short,1
16243,1,medium,1
16243,1,long,1
16243,2,none,1
16243,2,short,1
16243,2,medium,1
16243,2,long,1
16243,3,none,1
16243,3,short,1
16243,3,medium,0.7142857142857143
16243,3,long,1
16244,1,none,1
16244,1,short,1
16244,1,medium,1
16244,1,long,1
16244,2,none,1
16244,2,short,1
16244,2,medium,1
16244,2,long,1
16244,3,none,1
16244,3,short,1
16244,3,medium,1
16244,3,long,1
16245,1,none,1
16245,1,short,1
16245,1,medium,1
16245,1,long,0.7142857142857143
16245,2,none,1
16245,2,short,1
16245,2,medium,1
16245,2,long,1
16245,3,none,1
16245,3,short,1
16245,3,medium,1
16245,3,long,0.8571428571428571
16247,1,none,1
16247,1,short,0.8571428571428571
16247,1,medium,1
16247,1,long,1
16247,2,none,1
16247,2,short,1
16247,2,medium,0.5714285714285714
16247,2,long,0.7142857142857143
16247,3,none,1
16247,3,short,1
16247,3,medium,1
16247,3,long,1
16248,1,none,1
16248,1,short,1
16248,1,medium,1
16248,1,long,1
16248,2,none,1
16248,2,short,1
16248,2,medium,1
16248,2,long,1
16248,3,none,1
16248,3,short,1
16248,3,medium,0.8571428571428571
16248,3,long,1
16250,1,none,1
16250,1,short,1
16250,1,medium,0.8571428571428571
16250,1,long,1
16250,2,none,1
16250,2,short,1
16250,2,medium,1
16250,2,long,0.8571428571428571
16250,3,none,1
16250,3,short,1
16250,3,medium,0.8571428571428571
16250,3,long,0.8571428571428571
16251,1,none,1
16251,1,short,1
16251,1,medium,1
16251,1,long,0.7142857142857143
16251,2,none,1
16251,2,short,0.7142857142857143
16251,2,medium,0.8571428571428571
16251,2,long,0.8571428571428571
16251,3,none,1
16251,3,short,0.7142857142857143
16251,3,medium,0.5714285714285714
16251,3,long,0.42857142857142855
16252,1,none,1
16252,1,short,1
16252,1,medium,1
16252,1,long,1
16252,2,none,1
16252,2,short,0.8571428571428571
16252,2,medium,1
16252,2,long,1
16252,3,none,1
16252,3,short,1
16252,3,medium,0.8571428571428571
16252,3,long,0.8571428571428571
16254,1,none,1
16254,1,short,1
16254,1,medium,0.8571428571428571
16254,1,long,0.7142857142857143
16254,2,none,1
16254,2,short,1
16254,2,medium,1
16254,2,long,1
16254,3,none,1
16254,3,short,1
16254,3,medium,1
16254,3,long,1
16256,1,none,1
16256,1,short,1
16256,1,medium,1
16256,1,long,1
16256,2,none,1
16256,2,short,1
16256,2,medium,1
16256,2,long,1
16256,3,none,1
16256,3,short,1
16256,3,medium,1
16256,3,long,1
16259,1,none,1
16259,1,short,1
16259,1,medium,1
16259,1,long,1
16259,2,none,1
16259,2,short,1
16259,2,medium,1
16259,2,long,1
16259,3,none,1
16259,3,short,1
16259,3,medium,0.7142857142857143
16259,3,long,1
16260,1,none,1
16260,1,short,1
16260,1,medium,1
16260,1,long,1
16260,2,none,1
16260,2,short,1
16260,2,medium,1
16260,2,long,1
16260,3,none,1
16260,3,short,1
16260,3,medium,1
16260,3,long,1
16264,1,none,1
16264,1,short,1
16264,1,medium,0.8571428571428571
16264,1,long,0.7142857142857143
16264,2,none,1
16264,2,short,1
16264,2,medium,1
16264,2,long,0.7142857142857143
16264,3,none,1
16264,3,short,1
16264,3,medium,1
16264,3,long,1
16265,1,none,1
16265,1,short,0.8571428571428571
16265,1,medium,1
16265,1,long,0.8571428571428571
16265,2,none,1
16265,2,short,0.8571428571428571
16265,2,medium,0.5714285714285714
16265,2,long,0.8571428571428571
16265,3,none,1
16265,3,short,0.7142857142857143
16265,3,medium,0.8571428571428571
16265,3,long,1
16267,1,none,1
16267,1,short,1
16267,1,medium,1
16267,1,long,1
16267,2,none,1
16267,2,short,1
16267,2,medium,0.8571428571428571
16267,2,long,0.8571428571428571
16267,3,none,1
16267,3,short,1
16267,3,medium,1
16267,3,long,1
16268,1,none,1
16268,1,short,1
16268,1,medium,1
16268,1,long,1
16268,2,none,1
16268,2,short,1
16268,2,medium,1
16268,2,long,1
16268,3,none,1
16268,3,short,1
16268,3,medium,1
16268,3,long,1
16270,1,none,1
16270,1,short,0.42857142857142855
16270,1,medium,0.42857142857142855
16270,1,long,0.2857142857142857
16270,2,none,1
16270,2,short,0.42857142857142855
16270,2,medium,0.7142857142857143
16270,2,long,0.42857142857142855
16270,3,none,1
16270,3,short,1
16270,3,medium,0.7142857142857143
16270,3,long,0.5714285714285714
16271,1,none,1
16271,1,short,1
16271,1,medium,0.8571428571428571
16271,1,long,0.8571428571428571
16271,2,none,1
16271,2,short,1
16271,2,medium,1
16271,2,long,1
16271,3,none,1
16271,3,short,0.8571428571428571
16271,3,medium,1
16271,3,long,0.8571428571428571
16272,1,none,1
16272,1,short,1
16272,1,medium,1
16272,1,long,0.8571428571428571
16272,2,none,1
16272,2,short,0.8571428571428571
16272,2,medium,0.8571428571428571
16272,2,long,0.8571428571428571
16272,3,none,1
16272,3,short,0.8571428571428571
16272,3,medium,0.8571428571428571
16272,3,long,0.8571428571428571
16273,1,none,1
16273,1,short,1
16273,1,medium,1
16273,1,long,1
16273,2,none,1
16273,2,short,1
16273,2,medium,1
16273,2,long,1
16273,3,none,1
16273,3,short,1
16273,3,medium,1
16273,3,long,0.5714285714285714
16274,1,none,1
16274,1,short,1
16274,1,medium,1
16274,1,long,1
16274,2,none,1
16274,2,short,1
16274,2,medium,0.8571428571428571
16274,2,long,0.7142857142857143
16274,3,none,1
16274,3,short,0.7142857142857143
16274,3,medium,0.8571428571428571
16274,3,long,0.42857142857142855
16277,1,none,1
16277,1,short,1
16277,1,medium,0.8571428571428571
16277,1,long,1
16277,2,none,1
16277,2,short,1
16277,2,medium,0.8571428571428571
16277,2,long,0.7142857142857143
16277,3,none,1
16277,3,short,1
16277,3,medium,0.42857142857142855
16277,3,long,0.2857142857142857
16278,1,none,1
16278,1,short,0.8571428571428571
16278,1,medium,1
16278,1,long,0.8571428571428571
16278,2,none,1
16278,2,short,0.8571428571428571
16278,2,medium,0.7142857142857143
16278,2,long,0.8571428571428571
16278,3,none,1
16278,3,short,1
16278,3,medium,1
16278,3,long,0.7142857142857143
16279,1,none,0
16279,1,short,1
16279,1,medium,1
16279,1,long,0.8571428571428571
16279,2,none,1
16279,2,short,0.8571428571428571
16279,2,medium,1
16279,2,long,1
16279,3,none,1
16279,3,short,1
16279,3,medium,0.8571428571428571
16279,3,long,1
16280,1,none,1
16280,1,short,0.8571428571428571
16280,1,medium,0.8571428571428571
16280,1,long,0.7142857142857143
16280,2,none,1
16280,2,short,0.8571428571428571
16280,2,medium,0.42857142857142855
16280,2,long,0.5714285714285714
16280,3,none,1
16280,3,short,1
16280,3,medium,0.7142857142857143
16280,3,long,0.7142857142857143
16281,1,none,1
16281,1,short,1
16281,1,medium,1
16281,1,long,0.7142857142857143
16281,2,none,1
16281,2,short,0.8571428571428571
16281,2,medium,0.5714285714285714
16281,2,long,0.8571428571428571
16281,3,none,1
16281,3,short,1
16281,3,medium,0.7142857142857143
16281,3,long,0.7142857142857143
16283,1,none,1
16283,1,short,1
16283,1,medium,1
16283,1,long,1
16283,2,none,1
16283,2,short,1
16283,2,medium,0.8571428571428571
16283,2,long,0.7142857142857143
16283,3,none,1
16283,3,short,1
16283,3,medium,1
16283,3,long,0.8571428571428571
16284,1,none,1
16284,1,short,1
16284,1,medium,0.8571428571428571
16284,1,long,0.7142857142857143
16284,2,none,1
16284,2,short,0.7142857142857143
16284,2,medium,0.7142857142857143
16284,2,long,0.5714285714285714
16284,3,none,1
16284,3,short,0.7142857142857143
16284,3,medium,0.5714285714285714
16284,3,long,0.5714285714285714
16285,1,none,1
16285,1,short,1
16285,1,medium,1
16285,1,long,1
16285,2,none,1
16285,2,short,1
16285,2,medium,1
16285,2,long,1
16285,3,none,1
16285,3,short,1
16285,3,medium,1
16285,3,long,1
16286,1,none,1
16286,1,short,1
16286,1,medium,0.8571428571428571
16286,1,long,1
16286,2,none,1
16286,2,short,0.7142857142857143
16286,2,medium,1
16286,2,long,1
16286,3,none,1
16286,3,short,0.8571428571428571
16286,3,medium,0.5714285714285714
16286,3,long,0.8571428571428571
16287,1,none,1
16287,1,short,0.8571428571428571
16287,1,medium,1
16287,1,long,0.8571428571428571
16287,2,none,1
16287,2,short,1
16287,2,medium,1
16287,2,long,0.8571428571428571
16287,3,none,1
16287,3,short,0.8571428571428571
16287,3,medium,1
16287,3,long,0.8571428571428571
16291,1,none,1
16291,1,short,0.8571428571428571
16291,1,medium,1
16291,1,long,0.5714285714285714
16291,2,none,1
16291,2,short,1
16291,2,medium,0.7142857142857143
16291,2,long,0.5714285714285714
16291,3,none,0
16291,3,short,0.7142857142857143
16291,3,medium,0.42857142857142855
16291,3,long,0.42857142857142855
16293,1,none,1
16293,1,short,0.5714285714285714
16293,1,medium,1
16293,1,long,0.2857142857142857
16293,2,none,0
16293,2,short,0.7142857142857143
16293,2,medium,0.7142857142857143
16293,2,long,0.5714285714285714
16293,3,none,1
16293,3,short,0.5714285714285714
16293,3,medium,0.5714285714285714
16293,3,long,0.7142857142857143
16294,1,none,1
16294,1,short,1
16294,1,medium,1
16294,1,long,1
16294,2,none,1
16294,2,short,1
16294,2,medium,1
16294,2,long,1
16294,3,none,1
16294,3,short,1
16294,3,medium,1
16294,3,long,1
16295,1,none,1
16295,1,short,1
16295,1,medium,1
16295,1,long,0.8571428571428571
16295,2,none,1
16295,2,short,0.8571428571428571
16295,2,medium,1
16295,2,long,0.7142857142857143
16295,3,none,1
16295,3,short,1
16295,3,medium,0.8571428571428571
16295,3,long,1
16296,1,none,1
16296,1,short,1
16296,1,medium,1
16296,1,long,1
16296,2,none,1
16296,2,short,1
16296,2,medium,1
16296,2,long,0.8571428571428571
16296,3,none,1
16296,3,short,1
16296,3,medium,1
16296,3,long,1
16298,1,none,1
16298,1,short,1
16298,1,medium,1
16298,1,long,1
16298,2,none,1
16298,2,short,1
16298,2,medium,1
16298,2,long,1
16298,3,none,1
16298,3,short,0.8571428571428571
16298,3,medium,1
16298,3,long,1
16299,1,none,1
16299,1,short,1
16299,1,medium,1
16299,1,long,1
16299,2,none,1
16299,2,short,1
16299,2,medium,1
16299,2,long,0.8571428571428571
16299,3,none,1
16299,3,short,0.8571428571428571
16299,3,medium,0.8571428571428571
16299,3,long,0.7142857142857143
16300,1,none,1
16300,1,short,0.7142857142857143
16300,1,medium,0.7142857142857143
16300,1,long,0.8571428571428571
16300,2,none,1
16300,2,short,0.8571428571428571
16300,2,medium,1
16300,2,long,0.8571428571428571
16300,3,none,1
16300,3,short,0.7142857142857143
16300,3,medium,1
16300,3,long,0.42857142857142855
16301,1,none,1
16301,1,short,1
16301,1,medium,1
16301,1,long,1
16301,2,none,1
16301,2,short,1
16301,2,medium,1
16301,2,long,1
16301,3,none,1
16301,3,short,1
16301,3,medium,1
16301,3,long,1
16304,1,none,1
16304,1,short,1
16304,1,medium,0.8571428571428571
16304,1,long,0.8571428571428571
16304,2,none,1
16304,2,short,1
16304,2,medium,1
16304,2,long,0.8571428571428571
16304,3,none,1
16304,3,short,0.42857142857142855
16304,3,medium,0.5714285714285714
16304,3,long,0.5714285714285714
16305,1,none,1
16305,1,short,1
16305,1,medium,1
16305,1,long,1
16305,2,none,1
16305,2,short,1
16305,2,medium,1
16305,2,long,1
16305,3,none,1
16305,3,short,1
16305,3,medium,0.8571428571428571
16305,3,long,0.8571428571428571
16306,1,none,0
16306,1,short,0.7142857142857143
16306,1,medium,0.42857142857142855
16306,1,long,0.8571428571428571
16306,2,none,1
16306,2,short,0.8571428571428571
16306,2,medium,0.5714285714285714
16306,2,long,0.5714285714285714
16306,3,none,1
16306,3,short,0.5714285714285714
16306,3,medium,0.7142857142857143
16306,3,long,0.7142857142857143
16307,1,none,1
16307,1,short,1
16307,1,medium,1
16307,1,long,0.8571428571428571
16307,2,none,1
16307,2,short,1
16307,2,medium,1
16307,2,long,0.8571428571428571
16307,3,none,1
16307,3,short,1
16307,3,medium,1
16307,3,long,0.7142857142857143
16308,1,none,1
16308,1,short,0.8571428571428571
16308,1,medium,1
16308,1,long,0.8571428571428571
16308,2,none,1
16308,2,short,1
16308,2,medium,0.7142857142857143
16308,2,long,0.7142857142857143
16308,3,none,1
16308,3,short,1
16308,3,medium,1
16308,3,long,1
16309,1,none,1
16309,1,short,0.7142857142857143
16309,1,medium,0.5714285714285714
16309,1,long,0.7142857142857143
16309,2,none,1
16309,2,short,0.8571428571428571
16309,2,medium,0.7142857142857143
16309,2,long,0.7142857142857143
16309,3,none,1
16309,3,short,0.7142857142857143
16309,3,medium,0.5714285714285714
16309,3,long,0.5714285714285714
16310,1,none,0
16310,1,short,1
16310,1,medium,1
16310,1,long,1
16310,2,none,1
16310,2,short,0.8571428571428571
16310,2,medium,1
16310,2,long,0.8571428571428571
16310,3,none,1
16310,3,short,1
16310,3,medium,1
16310,3,long,0.8571428571428571
16311,1,none,1
16311,1,short,0.8571428571428571
16311,1,medium,0.8571428571428571
16311,1,long,0.8571428571428571
16311,2,none,1
16311,2,short,0.8571428571428571
16311,2,medium,0.7142857142857143
16311,2,long,0.5714285714285714
16311,3,none,1
16311,3,short,1
16311,3,medium,0.42857142857142855
16311,3,long,0.7142857142857143
16312,1,none,1
16312,1,short,1
16312,1,medium,1
16312,1,long,0.8571428571428571
16312,2,none,0
16312,2,short,0.8571428571428571
16312,2,medium,0.8571428571428571
16312,2,long,0.8571428571428571
16312,3,none,1
16312,3,short,0.7142857142857143
16312,3,medium,0.42857142857142855
16312,3,long,0.42857142857142855
16313,1,none,1
16313,1,short,1
16313,1,medium,0.8571428571428571
16313,1,long,0.8571428571428571
16313,2,none,1
16313,2,short,1
16313,2,medium,0.8571428571428571
16313,2,long,1
16313,3,none,1
16313,3,short,1
16313,3,medium,0.7142857142857143
16313,3,long,1
16314,1,none,1
16314,1,short,0.8571428571428571
16314,1,medium,0.5714285714285714
16314,1,long,0.8571428571428571
16314,2,none,1
16314,2,short,1
16314,2,medium,0.8571428571428571
16314,2,long,0.7142857142857143
16314,3,none,1
16314,3,short,0.8571428571428571
16314,3,medium,1
16314,3,long,0.8571428571428571
16315,1,none,1
16315,1,short,1
16315,1,medium,0.8571428571428571
16315,1,long,0.8571428571428571
16315,2,none,1
16315,2,short,1
16315,2,medium,0.8571428571428571
16315,2,long,0.7142857142857143
16315,3,none,1
16315,3,short,0.8571428571428571
16315,3,medium,0.7142857142857143
16315,3,long,1
16317,1,none,1
16317,1,short,1
16317,1,medium,1
16317,1,long,1
16317,2,none,1
16317,2,short,1
16317,2,medium,0.8571428571428571
16317,2,long,0.8571428571428571
16317,3,none,1
16317,3,short,1
16317,3,medium,1
16317,3,long,0.7142857142857143
16319,1,none,1
16319,1,short,0.8571428571428571
16319,1,medium,1
16319,1,long,1
16319,2,none,1
16319,2,short,0.7142857142857143
16319,2,medium,0.8571428571428571
16319,2,long,1
16319,3,none,1
16319,3,short,0.8571428571428571
16319,3,medium,0.8571428571428571
16319,3,long,0.8571428571428571
16321,1,none,1
16321,1,short,0.8571428571428571
16321,1,medium,1
16321,1,long,0.7142857142857143
16321,2,none,1
16321,2,short,0.8571428571428571
16321,2,medium,1
16321,2,long,0.7142857142857143
16321,3,none,1
16321,3,short,0.8571428571428571
16321,3,medium,0.8571428571428571
16321,3,long,0.8571428571428571
16323,1,none,1
16323,1,short,1
16323,1,medium,1
16323,1,long,1
16323,2,none,1
16323,2,short,0.8571428571428571
16323,2,medium,0.8571428571428571
16323,2,long,0.14285714285714285
16323,3,none,1
16323,3,short,0.5714285714285714
16323,3,medium,0.7142857142857143
16323,3,long,0.7142857142857143
16324,1,none,1
16324,1,short,1
16324,1,medium,1
16324,1,long,0.8571428571428571
16324,2,none,1
16324,2,short,1
16324,2,medium,0.7142857142857143
16324,2,long,1
16324,3,none,1
16324,3,short,0.8571428571428571
16324,3,medium,0.8571428571428571
16324,3,long,0.42857142857142855
16326,1,none,1
16326,1,short,1
16326,1,medium,0.8571428571428571
16326,1,long,1
16326,2,none,1
16326,2,short,1
16326,2,medium,1
16326,2,long,0.7142857142857143
16326,3,none,1
16326,3,short,1
16326,3,medium,0.8571428571428571
16326,3,long,1
16327,1,none,1
16327,1,short,0.8571428571428571
16327,1,medium,1
16327,1,long,1
16327,2,none,1
16327,2,short,1
16327,2,medium,1
16327,2,long,0.7142857142857143
16327,3,none,1
16327,3,short,1
16327,3,medium,1
16327,3,long,0.8571428571428571
16328,1,none,1
16328,1,short,1
16328,1,medium,1
16328,1,long,1
16328,2,none,1
16328,2,short,1
16328,2,medium,1
16328,2,long,1
16328,3,none,1
16328,3,short,0.8571428571428571
16328,3,medium,1
16328,3,long,0.8571428571428571
16329,1,none,1
16329,1,short,1
16329,1,medium,1
16329,1,long,0.8571428571428571
16329,2,none,1
16329,2,short,0.8571428571428571
16329,2,medium,0.8571428571428571
16329,2,long,1
16329,3,none,1
16329,3,short,1
16329,3,medium,0.8571428571428571
16329,3,long,1
16330,1,none,0
16330,1,short,0.5714285714285714
16330,1,medium,0.2857142857142857
16330,1,long,0.42857142857142855
16330,2,none,1
16330,2,short,0.8571428571428571
16330,2,medium,0.7142857142857143
16330,2,long,0.5714285714285714
16330,3,none,1
16330,3,short,0.8571428571428571
16330,3,medium,0.5714285714285714
16330,3,long,0.42857142857142855
16331,1,none,1
16331,1,short,1
16331,1,medium,1
16331,1,long,1
16331,2,none,1
16331,2,short,0.8571428571428571
16331,2,medium,1
16331,2,long,0.7142857142857143
16331,3,none,1
16331,3,short,1
16331,3,medium,0.7142857142857143
16331,3,long,0.7142857142857143
16332,1,none,0
16332,1,short,1
16332,1,medium,0.8571428571428571
16332,1,long,1
16332,2,none,1
16332,2,short,1
16332,2,medium,0.5714285714285714
16332,2,long,0.8571428571428571
16332,3,none,1
16332,3,short,0.8571428571428571
16332,3,medium,0.7142857142857143
16332,3,long,0.2857142857142857
16333,1,none,1
16333,1,short,1
16333,1,medium,1
16333,1,long,1
16333,2,none,1
16333,2,short,0.8571428571428571
16333,2,medium,0.8571428571428571
16333,2,long,0.7142857142857143
16333,3,none,1
16333,3,short,0.8571428571428571
16333,3,medium,0.7142857142857143
16333,3,long,0.42857142857142855
16334,1,none,1
16334,1,short,1
16334,1,medium,0.8571428571428571
16334,1,long,0.8571428571428571
16334,2,none,1
16334,2,short,0.7142857142857143
16334,2,medium,0.7142857142857143
16334,2,long,1
16334,3,none,1
16334,3,short,1
16334,3,medium,1
16334,3,long,0.8571428571428571
16339,1,none,1
16339,1,short,0.8571428571428571
16339,1,medium,1
16339,1,long,0.7142857142857143
16339,2,none,1
16339,2,short,1
16339,2,medium,0.5714285714285714
16339,2,long,0.8571428571428571
16339,3,none,1
16339,3,short,1
16339,3,medium,0.7142857142857143
16339,3,long,0.7142857142857143
16340,1,none,1
16340,1,short,0.5714285714285714
16340,1,medium,1
16340,1,long,0.7142857142857143
16340,2,none,0
16340,2,short,1
16340,2,medium,0.2857142857142857
16340,2,long,0.8571428571428571
16340,3,none,1
16340,3,short,1
16340,3,medium,0.7142857142857143
16340,3,long,0.5714285714285714
16342,1,none,1
16342,1,short,1
16342,1,medium,0.8571428571428571
16342,1,long,1
16342,2,none,1
16342,2,short,1
16342,2,medium,1
16342,2,long,0.8571428571428571
16342,3,none,1
16342,3,short,1
16342,3,medium,1
16342,3,long,0.8571428571428571
16343,1,none,1
16343,1,short,0.8571428571428571
16343,1,medium,0.8571428571428571
16343,1,long,0.5714285714285714
16343,2,none,1
16343,2,short,0.8571428571428571
16343,2,medium,0.8571428571428571
16343,2,long,0.7142857142857143
16343,3,none,1
16343,3,short,1
16343,3,medium,0.7142857142857143
16343,3,long,0.8571428571428571
16344,1,none,1
16344,1,short,1
16344,1,medium,1
16344,1,long,1
16344,2,none,1
16344,2,short,1
16344,2,medium,0.8571428571428571
16344,2,long,1
16344,3,none,1
16344,3,short,1
16344,3,medium,0.8571428571428571
16344,3,long,1
16345,1,none,0
16345,1,short,1
16345,1,medium,1
16345,1,long,0.8571428571428571
16345,2,none,1
16345,2,short,0.8571428571428571
16345,2,medium,1
16345,2,long,0.8571428571428571
16345,3,none,1
16345,3,short,1
16345,3,medium,0.7142857142857143
16345,3,long,0.7142857142857143
16346,1,none,1
16346,1,short,1
16346,1,medium,1
16346,1,long,0.8571428571428571
16346,2,none,1
16346,2,short,1
16346,2,medium,1
16346,2,long,0.8571428571428571
16346,3,none,1
16346,3,short,1
16346,3,medium,0.7142857142857143
16346,3,long,1
16348,1,none,1
16348,1,short,1
16348,1,medium,1
16348,1,long,0.8571428571428571
16348,2,none,1
16348,2,short,1
16348,2,medium,1
16348,2,long,1
16348,3,none,1
16348,3,short,1
16348,3,medium,1
16348,3,long,1
16349,1,none,1
16349,1,short,0.7142857142857143
16349,1,medium,0.7142857142857143
16349,1,long,0.8571428571428571
16349,2,none,1
16349,2,short,0.5714285714285714
16349,2,medium,0.7142857142857143
16349,2,long,0.5714285714285714
16349,3,none,0
16349,3,short,0.7142857142857143
16349,3,medium,0.5714285714285714
16349,3,long,0.2857142857142857
16350,1,none,1
16350,1,short,1
16350,1,medium,1
16350,1,long,1
16350,2,none,1
16350,2,short,1
16350,2,medium,0.8571428571428571
16350,2,long,0.5714285714285714
16350,3,none,1
16350,3,short,1
16350,3,medium,0.8571428571428571
16350,3,long,0.8571428571428571
16352,1,none,0
16352,1,short,1
16352,1,medium,1
16352,1,long,1
16352,2,none,1
16352,2,short,0.8571428571428571
16352,2,medium,1
16352,2,long,1
16352,3,none,1
16352,3,short,1
16352,3,medium,0.7142857142857143
16352,3,long,0.7142857142857143
16353,1,none,1
16353,1,short,0.5714285714285714
16353,1,medium,0.7142857142857143
16353,1,long,0.8571428571428571
16353,2,none,1
16353,2,short,1
16353,2,medium,1
16353,2,long,0.8571428571428571
16353,3,none,1
16353,3,short,1
16353,3,medium,1
16353,3,long,0.42857142857142855
16356,1,none,0
16356,1,short,0.7142857142857143
16356,1,medium,1
16356,1,long,0.5714285714285714
16356,2,none,0
16356,2,short,0.8571428571428571
16356,2,medium,0.7142857142857143
16356,2,long,0.5714285714285714
16356,3,none,1
16356,3,short,1
16356,3,medium,0.2857142857142857
16356,3,long,0.8571428571428571
16357,1,none,1
16357,1,short,1
16357,1,medium,1
16357,1,long,0.8571428571428571
16357,2,none,1
16357,2,short,1
16357,2,medium,0.8571428571428571
16357,2,long,0.8571428571428571
16357,3,none,1
16357,3,short,0.8571428571428571
16357,3,medium,0.8571428571428571
16357,3,long,0.7142857142857143
16360,1,none,1
16360,1,short,1
16360,1,medium,1
16360,1,long,0.7142857142857143
16360,2,none,1
16360,2,short,0.8571428571428571
16360,2,medium,0.8571428571428571
16360,2,long,0.7142857142857143
16360,3,none,1
16360,3,short,1
16360,3,medium,0.8571428571428571
16360,3,long,1
16366,1,none,1
16366,1,short,1
16366,1,medium,1
16366,1,long,0.8571428571428571
16366,2,none,1
16366,2,short,1
16366,2,medium,0.8571428571428571
16366,2,long,0.8571428571428571
16366,3,none,1
16366,3,short,1
16366,3,medium,0.8571428571428571
16366,3,long,0.7142857142857143
16368,1,none,1
16368,1,short,1
16368,1,medium,1
16368,1,long,0.7142857142857143
16368,2,none,1
16368,2,short,1
16368,2,medium,0.8571428571428571
16368,2,long,0.5714285714285714
16368,3,none,1
16368,3,short,1
16368,3,medium,0.7142857142857143
16368,3,long,0.7142857142857143
16369,1,none,1
16369,1,short,1
16369,1,medium,0.7142857142857143
16369,1,long,0.8571428571428571
16369,2,none,1
16369,2,short,0.8571428571428571
16369,2,medium,0.8571428571428571
16369,2,long,0.5714285714285714
16369,3,none,1
16369,3,short,0.8571428571428571
16369,3,medium,0.8571428571428571
16369,3,long,0.8571428571428571
16370,1,none,1
16370,1,short,1
16370,1,medium,0.8571428571428571
16370,1,long,1
16370,2,none,1
16370,2,short,1
16370,2,medium,1
16370,2,long,0.7142857142857143
16370,3,none,1
16370,3,short,1
16370,3,medium,0.8571428571428571
16370,3,long,1
16371,1,none,1
16371,1,short,1
16371,1,medium,1
16371,1,long,1
16371,2,none,1
16371,2,short,1
16371,2,medium,1
16371,2,long,1
16371,3,none,1
16371,3,short,1
16371,3,medium,1
16371,3,long,1
16372,1,none,1
16372,1,short,1
16372,1,medium,1
16372,1,long,1
16372,2,none,1
16372,2,short,1
16372,2,medium,1
16372,2,long,1
16372,3,none,1
16372,3,short,1
16372,3,medium,1
16372,3,long,1
16373,1,none,1
16373,1,short,1
16373,1,medium,1
16373,1,long,1
16373,2,none,1
16373,2,short,1
16373,2,medium,1
16373,2,long,1
16373,3,none,1
16373,3,short,1
16373,3,medium,1
16373,3,long,1
16374,1,none,1
16374,1,short,1
16374,1,medium,0.8571428571428571
16374,1,long,0.8571428571428571
16374,2,none,1
16374,2,short,0.8571428571428571
16374,2,medium,0.7142857142857143
16374,2,long,0.8571428571428571
16374,3,none,1
16374,3,short,0.8571428571428571
16374,3,medium,1
16374,3,long,0.5714285714285714
16375,1,none,1
16375,1,short,0.7142857142857143
16375,1,medium,1
16375,1,long,0.8571428571428571
16375,2,none,1
16375,2,short,1
16375,2,medium,0.7142857142857143
16375,2,long,0.7142857142857143
16375,3,none,1
16375,3,short,1
16375,3,medium,0.5714285714285714
16375,3,long,0.5714285714285714
16376,1,none,1
16376,1,short,0.7142857142857143
16376,1,medium,1
16376,1,long,0.8571428571428571
16376,2,none,1
16376,2,short,0.8571428571428571
16376,2,medium,0.7142857142857143
16376,2,long,0.8571428571428571
16376,3,none,1
16376,3,short,1
16376,3,medium,0.7142857142857143
16376,3,long,0.8571428571428571
16377,1,none,1
16377,1,short,1
16377,1,medium,1
16377,1,long,1
16377,2,none,1
16377,2,short,1
16377,2,medium,1
16377,2,long,0.8571428571428571
16377,3,none,1
16377,3,short,1
16377,3,medium,1
16377,3,long,0.8571428571428571
16378,1,none,1
16378,1,short,0.8571428571428571
16378,1,medium,1
16378,1,long,1
16378,2,none,1
16378,2,short,0.8571428571428571
16378,2,medium,1
16378,2,long,1
16378,3,none,1
16378,3,short,1
16378,3,medium,1
16378,3,long,1
16379,1,none,1
16379,1,short,1
16379,1,medium,1
16379,1,long,0.8571428571428571
16379,2,none,1
16379,2,short,1
16379,2,medium,0.8571428571428571
16379,2,long,0.8571428571428571
16379,3,none,1
16379,3,short,0.8571428571428571
16379,3,medium,1
16379,3,long,0.8571428571428571
16380,1,none,1
16380,1,short,1
16380,1,medium,1
16380,1,long,1
16380,2,none,1
16380,2,short,1
16380,2,medium,1
16380,2,long,1
16380,3,none,1
16380,3,short,1
16380,3,medium,1
16380,3,long,1
16383,1,none,1
16383,1,short,1
16383,1,medium,1
16383,1,long,1
16383,2,none,1
16383,2,short,1
16383,2,medium,1
16383,2,long,1
16383,3,none,1
16383,3,short,0.8571428571428571
16383,3,medium,0.8571428571428571
16383,3,long,1
16384,1,none,1
16384,1,short,1
16384,1,medium,0.8571428571428571
16384,1,long,1
16384,2,none,1
16384,2,short,1
16384,2,medium,0.8571428571428571
16384,2,long,0.8571428571428571
16384,3,none,1
16384,3,short,1
16384,3,medium,0.7142857142857143
16384,3,long,0.8571428571428571
16385,1,none,1
16385,1,short,1
16385,1,medium,1
16385,1,long,0.8571428571428571
16385,2,none,1
16385,2,short,1
16385,2,medium,1
16385,2,long,1
16385,3,none,1
16385,3,short,1
16385,3,medium,0.8571428571428571
16385,3,long,0.8571428571428571
16387,1,none,1
16387,1,short,1
16387,1,medium,1
16387,1,long,1
16387,2,none,1
16387,2,short,1
16387,2,medium,1
16387,2,long,1
16387,3,none,1
16387,3,short,1
16387,3,medium,1
16387,3,long,1
16388,1,none,1
16388,1,short,1
16388,1,medium,1
16388,1,long,0.7142857142857143
16388,2,none,1
16388,2,short,1
16388,2,medium,0.5714285714285714
16388,2,long,0.8571428571428571
16388,3,none,1
16388,3,short,1
16388,3,medium,0.5714285714285714
16388,3,long,0.7142857142857143
16390,1,none,1
16390,1,short,1
16390,1,medium,0.7142857142857143
16390,1,long,0.8571428571428571
16390,2,none,1
16390,2,short,0.7142857142857143
16390,2,medium,0.42857142857142855
16390,2,long,0.7142857142857143
16390,3,none,1
16390,3,short,0.8571428571428571
16390,3,medium,0.8571428571428571
16390,3,long,0.5714285714285714
16392,1,none,1
16392,1,short,1
16392,1,medium,1
16392,1,long,0.7142857142857143
16392,2,none,1
16392,2,short,0.7142857142857143
16392,2,medium,0.8571428571428571
16392,2,long,1
16392,3,none,1
16392,3,short,1
16392,3,medium,0.7142857142857143
16392,3,long,1
16394,1,none,1
16394,1,short,1
16394,1,medium,0.8571428571428571
16394,1,long,1
16394,2,none,1
16394,2,short,1
16394,2,medium,1
16394,2,long,1
16394,3,none,1
16394,3,short,1
16394,3,medium,1
16394,3,long,0.8571428571428571
16396,1,none,1
16396,1,short,1
16396,1,medium,1
16396,1,long,0.8571428571428571
16396,2,none,1
16396,2,short,1
16396,2,medium,1
16396,2,long,1
16396,3,none,1
16396,3,short,1
16396,3,medium,1
16396,3,long,1
16397,1,none,1
16397,1,short,0.7142857142857143
16397,1,medium,0.8571428571428571
16397,1,long,0.7142857142857143
16397,2,none,1
16397,2,short,0.42857142857142855
16397,2,medium,0.5714285714285714
16397,2,long,0.5714285714285714
16397,3,none,1
16397,3,short,0.8571428571428571
16397,3,medium,0.2857142857142857
16397,3,long,0.5714285714285714
16398,1,none,1
16398,1,short,1
16398,1,medium,0.7142857142857143
16398,1,long,1
16398,2,none,1
16398,2,short,1
16398,2,medium,0.5714285714285714
16398,2,long,0.5714285714285714
16398,3,none,1
16398,3,short,0.8571428571428571
16398,3,medium,0.7142857142857143
16398,3,long,0.5714285714285714
16400,1,none,1
16400,1,short,0.8571428571428571
16400,1,medium,0.8571428571428571
16400,1,long,1
16400,2,none,1
16400,2,short,0.8571428571428571
16400,2,medium,1
16400,2,long,0.7142857142857143
16400,3,none,1
16400,3,short,1
16400,3,medium,0.8571428571428571
16400,3,long,0.8571428571428571
16401,1,none,1
16401,1,short,0.7142857142857143
16401,1,medium,0.5714285714285714
16401,1,long,0.8571428571428571
16401,2,none,1
16401,2,short,0.7142857142857143
16401,2,medium,1
16401,2,long,1
16401,3,none,1
16401,3,short,0.7142857142857143
16401,3,medium,0.5714285714285714
16401,3,long,1
16403,1,none,1
16403,1,short,1
16403,1,medium,0.8571428571428571
16403,1,long,1
16403,2,none,1
16403,2,short,1
16403,2,medium,1
16403,2,long,1
16403,3,none,1
16403,3,short,1
16403,3,medium,1
16403,3,long,0.8571428571428571
16405,1,none,1
16405,1,short,1
16405,1,medium,1
16405,1,long,1
16405,2,none,1
16405,2,short,1
16405,2,medium,1
16405,2,long,1
16405,3,none,1
16405,3,short,1
16405,3,medium,1
16405,3,long,0.8571428571428571
16406,1,none,1
16406,1,short,1
16406,1,medium,1
16406,1,long,1
16406,2,none,1
16406,2,short,1
16406,2,medium,1
16406,2,long,1
16406,3,none,1
16406,3,short,1
16406,3,medium,1
16406,3,long,1
16407,1,none,1
16407,1,short,0.8571428571428571
16407,1,medium,0.8571428571428571
16407,1,long,1
16407,2,none,1
16407,2,short,0.8571428571428571
16407,2,medium,1
16407,2,long,0.8571428571428571
16407,3,none,1
16407,3,short,1
16407,3,medium,1
16407,3,long,0.8571428571428571
16408,1,none,1
16408,1,short,0.8571428571428571
16408,1,medium,1
16408,1,long,1
16408,2,none,1
16408,2,short,1
16408,2,medium,1
16408,2,long,1
16408,3,none,1
16408,3,short,0.8571428571428571
16408,3,medium,0.8571428571428571
16408,3,long,0.8571428571428571
16411,1,none,1
16411,1,short,0.8571428571428571
16411,1,medium,0.8571428571428571
16411,1,long,0.8571428571428571
16411,2,none,1
16411,2,short,1
16411,2,medium,0.8571428571428571
16411,2,long,0.8571428571428571
16411,3,none,1
16411,3,short,0.8571428571428571
16411,3,medium,0.42857142857142855
16411,3,long,0.5714285714285714
16412,1,none,1
16412,1,short,1
16412,1,medium,0.8571428571428571
16412,1,long,0.7142857142857143
16412,2,none,1
16412,2,short,1
16412,2,medium,1
16412,2,long,0.7142857142857143
16412,3,none,1
16412,3,short,1
16412,3,medium,0.8571428571428571
16412,3,long,0.8571428571428571
16414,1,none,1
16414,1,short,0.8571428571428571
16414,1,medium,1
16414,1,long,1
16414,2,none,1
16414,2,short,1
16414,2,medium,1
16414,2,long,0.8571428571428571
16414,3,none,1
16414,3,short,1
16414,3,medium,1
16414,3,long,1
16415,1,none,1
16415,1,short,1
16415,1,medium,1
16415,1,long,1
16415,2,none,1
16415,2,short,1
16415,2,medium,1
16415,2,long,0.8571428571428571
16415,3,none,1
16415,3,short,1
16415,3,medium,1
16415,3,long,1
16417,1,none,1
16417,1,short,0.7142857142857143
16417,1,medium,1
16417,1,long,0.5714285714285714
16417,2,none,1
16417,2,short,1
16417,2,medium,0.7142857142857143
16417,2,long,0.8571428571428571
16417,3,none,1
16417,3,short,1
16417,3,medium,0.7142857142857143
16417,3,long,0.8571428571428571
16418,1,none,1
16418,1,short,1
16418,1,medium,1
16418,1,long,0.8571428571428571
16418,2,none,1
16418,2,short,1
16418,2,medium,1
16418,2,long,0.8571428571428571
16418,3,none,1
16418,3,short,1
16418,3,medium,1
16418,3,long,0.8571428571428571
16419,1,none,1
16419,1,short,1
16419,1,medium,1
16419,1,long,1
16419,2,none,1
16419,2,short,1
16419,2,medium,0.8571428571428571
16419,2,long,0.8571428571428571
16419,3,none,1
16419,3,short,1
16419,3,medium,0.8571428571428571
16419,3,long,0.8571428571428571
16420,1,none,1
16420,1,short,1
16420,1,medium,1
16420,1,long,1
16420,2,none,1
16420,2,short,1
16420,2,medium,1
16420,2,long,1
16420,3,none,1
16420,3,short,1
16420,3,medium,1
16420,3,long,1
16423,1,none,1
16423,1,short,1
16423,1,medium,1
16423,1,long,0.8571428571428571
16423,2,none,1
16423,2,short,1
16423,2,medium,1
16423,2,long,1
16423,3,none,1
16423,3,short,1
16423,3,medium,1
16423,3,long,0.8571428571428571
16424,1,none,1
16424,1,short,1
16424,1,medium,1
16424,1,long,1
16424,2,none,1
16424,2,short,1
16424,2,medium,1
16424,2,long,1
16424,3,none,1
16424,3,short,1
16424,3,medium,1
16424,3,long,1
16425,1,none,1
16425,1,short,1
16425,1,medium,1
16425,1,long,0.8571428571428571
16425,2,none,1
16425,2,short,1
16425,2,medium,0.8571428571428571
16425,2,long,0.8571428571428571
16425,3,none,1
16425,3,short,1
16425,3,medium,1
16425,3,long,0.8571428571428571
16427,1,none,1
16427,1,short,1
16427,1,medium,1
16427,1,long,1
16427,2,none,1
16427,2,short,1
16427,2,medium,0.7142857142857143
16427,2,long,1
16427,3,none,1
16427,3,short,1
16427,3,medium,1
16427,3,long,1
16428,1,none,1
16428,1,short,1
16428,1,medium,1
16428,1,long,1
16428,2,none,1
16428,2,short,1
16428,2,medium,1
16428,2,long,0.8571428571428571
16428,3,none,1
16428,3,short,1
16428,3,medium,1
16428,3,long,0.8571428571428571
16429,1,none,1
16429,1,short,1
16429,1,medium,0.8571428571428571
16429,1,long,0.7142857142857143
16429,2,none,1
16429,2,short,1
16429,2,medium,1
16429,2,long,1
16429,3,none,1
16429,3,short,0.7142857142857143
16429,3,medium,0.5714285714285714
16429,3,long,0.5714285714285714
16430,1,none,1
16430,1,short,1
16430,1,medium,1
16430,1,long,0.8571428571428571
16430,2,none,1
16430,2,short,1
16430,2,medium,1
16430,2,long,0.7142857142857143
16430,3,none,1
16430,3,short,1
16430,3,medium,1
16430,3,long,0.7142857142857143
16434,1,none,1
16434,1,short,1
16434,1,medium,0.8571428571428571
16434,1,long,1
16434,2,none,1
16434,2,short,1
16434,2,medium,1
16434,2,long,1
16434,3,none,1
16434,3,short,1
16434,3,medium,1
16434,3,long,0.8571428571428571
16435,1,none,1
16435,1,short,1
16435,1,medium,0.8571428571428571
16435,1,long,0.5714285714285714
16435,2,none,1
16435,2,short,0.8571428571428571
16435,2,medium,0.8571428571428571
16435,2,long,1
16435,3,none,0
16435,3,short,1
16435,3,medium,1
16435,3,long,1
16436,1,none,1
16436,1,short,1
16436,1,medium,1
16436,1,long,0.8571428571428571
16436,2,none,1
16436,2,short,1
16436,2,medium,1
16436,2,long,0.8571428571428571
16436,3,none,1
16436,3,short,1
16436,3,medium,1
16436,3,long,1
16437,1,none,1
16437,1,short,0.8571428571428571
16437,1,medium,0.7142857142857143
16437,1,long,0.5714285714285714
16437,2,none,1
16437,2,short,0.42857142857142855
16437,2,medium,0.7142857142857143
16437,2,long,0.7142857142857143
16437,3,none,1
16437,3,short,0.7142857142857143
16437,3,medium,0.5714285714285714
16437,3,long,0.2857142857142857
16439,1,none,1
16439,1,short,1
16439,1,medium,1
16439,1,long,1
16439,2,none,1
16439,2,short,0.8571428571428571
16439,2,medium,0.8571428571428571
16439,2,long,0.8571428571428571
16439,3,none,1
16439,3,short,1
16439,3,medium,0.7142857142857143
16439,3,long,1
16440,1,none,1
16440,1,short,0.8571428571428571
16440,1,medium,1
16440,1,long,1
16440,2,none,1
16440,2,short,1
16440,2,medium,1
16440,2,long,0.8571428571428571
16440,3,none,1
16440,3,short,1
16440,3,medium,1
16440,3,long,1
16441,1,none,1
16441,1,short,0.7142857142857143
16441,1,medium,0.8571428571428571
16441,1,long,0.8571428571428571
16441,2,none,1
16441,2,short,0.8571428571428571
16441,2,medium,0.7142857142857143
16441,2,long,0.5714285714285714
16441,3,none,1
16441,3,short,0.8571428571428571
16441,3,medium,0.7142857142857143
16441,3,long,0.8571428571428571
16442,1,none,1
16442,1,short,1
16442,1,medium,1
16442,1,long,1
16442,2,none,1
16442,2,short,0.8571428571428571
16442,2,medium,1
16442,2,long,1
16442,3,none,1
16442,3,short,1
16442,3,medium,0.8571428571428571
16442,3,long,0.7142857142857143
16443,1,none,1
16443,1,short,1
16443,1,medium,1
16443,1,long,1
16443,2,none,1
16443,2,short,1
16443,2,medium,1
16443,2,long,1
16443,3,none,1
16443,3,short,1
16443,3,medium,1
16443,3,long,1
16444,1,none,1
16444,1,short,0.8571428571428571
16444,1,medium,0.8571428571428571
16444,1,long,0.8571428571428571
16444,2,none,1
16444,2,short,0.7142857142857143
16444,2,medium,0.8571428571428571
16444,2,long,0.8571428571428571
16444,3,none,1
16444,3,short,0.2857142857142857
16444,3,medium,0.7142857142857143
16444,3,long,0.5714285714285714
16445,1,none,1
16445,1,short,1
16445,1,medium,1
16445,1,long,1
16445,2,none,1
16445,2,short,0.8571428571428571
16445,2,medium,1
16445,2,long,0.8571428571428571
16445,3,none,1
16445,3,short,1
16445,3,medium,0.8571428571428571
16445,3,long,0.7142857142857143
16447,1,none,1
16447,1,short,0.8571428571428571
16447,1,medium,0.8571428571428571
16447,1,long,0.7142857142857143
16447,2,none,1
16447,2,short,0.7142857142857143
16447,2,medium,0.5714285714285714
16447,2,long,0.5714285714285714
16447,3,none,1
16447,3,short,0.7142857142857143
16447,3,medium,0.2857142857142857
16447,3,long,0.2857142857142857
16449,1,none,1
16449,1,short,1
16449,1,medium,0.8571428571428571
16449,1,long,0.8571428571428571
16449,2,none,1
16449,2,short,0.7142857142857143
16449,2,medium,1
16449,2,long,1
16449,3,none,1
16449,3,short,1
16449,3,medium,0.5714285714285714
16449,3,long,0.8571428571428571
16450,1,none,1
16450,1,short,1
16450,1,medium,1
16450,1,long,1
16450,2,none,1
16450,2,short,0.8571428571428571
16450,2,medium,1
16450,2,long,0.8571428571428571
16450,3,none,1
16450,3,short,1
16450,3,medium,1
16450,3,long,0.8571428571428571
16451,1,none,1
16451,1,short,1
16451,1,medium,1
16451,1,long,1
16451,2,none,1
16451,2,short,1
16451,2,medium,1
16451,2,long,1
16451,3,none,1
16451,3,short,1
16451,3,medium,0.8571428571428571
16451,3,long,0.5714285714285714
16452,1,none,1
16452,1,short,1
16452,1,medium,0.7142857142857143
16452,1,long,1
16452,2,none,1
16452,2,short,1
16452,2,medium,1
16452,2,long,0.8571428571428571
16452,3,none,1
16452,3,short,1
16452,3,medium,1
16452,3,long,0.8571428571428571
16455,1,none,1
16455,1,short,1
16455,1,medium,1
16455,1,long,0.8571428571428571
16455,2,none,1
16455,2,short,1
16455,2,medium,0.8571428571428571
16455,2,long,0.7142857142857143
16455,3,none,1
16455,3,short,0.8571428571428571
16455,3,medium,0.7142857142857143
16455,3,long,0.2857142857142857
16456,1,none,1
16456,1,short,0.8571428571428571
16456,1,medium,0.5714285714285714
16456,1,long,0.8571428571428571
16456,2,none,1
16456,2,short,0.7142857142857143
16456,2,medium,0.8571428571428571
16456,2,long,0.8571428571428571
16456,3,none,1
16456,3,short,1
16456,3,medium,0.8571428571428571
16456,3,long,0.7142857142857143
16458,1,none,1
16458,1,short,0.7142857142857143
16458,1,medium,0.5714285714285714
16458,1,long,0.8571428571428571
16458,2,none,1
16458,2,short,0.8571428571428571
16458,2,medium,0.7142857142857143
16458,2,long,0.5714285714285714
16458,3,none,1
16458,3,short,0.8571428571428571
16458,3,medium,0.42857142857142855
16458,3,long,0.5714285714285714
16459,1,none,1
16459,1,short,1
16459,1,medium,0.8571428571428571
16459,1,long,1
16459,2,none,1
16459,2,short,1
16459,2,medium,1
16459,2,long,1
16459,3,none,1
16459,3,short,1
16459,3,medium,0.8571428571428571
16459,3,long,1
16460,1,none,0
16460,1,short,0.8571428571428571
16460,1,medium,1
16460,1,long,0.8571428571428571
16460,2,none,1
16460,2,short,1
16460,2,medium,1
16460,2,long,0.8571428571428571
16460,3,none,1
16460,3,short,1
16460,3,medium,0.8571428571428571
16460,3,long,0.8571428571428571
16461,1,none,0
16461,1,short,1
16461,1,medium,0.7142857142857143
16461,1,long,0.7142857142857143
16461,2,none,0
16461,2,short,0.8571428571428571
16461,2,medium,0.5714285714285714
16461,2,long,0.5714285714285714
16461,3,none,1
16461,3,short,0.7142857142857143
16461,3,medium,0.5714285714285714
16461,3,long,0.5714285714285714
